# stem	patterns	forms	book-weight	bare — tools/discover.py
# candidates, not entries: read them before admitting them.
# `bare` is how many books write the stem on its own.
москва	21	17	1096	555
начальник	28	15	100	240
состав	32	17	117	238
алысырақ	7	4	115	235
положение	13	11	38	232
перевод	15	9	41	200
число	5	5	13	194
собрание	10	8	38	188
өспірім	8	4	53	186
известия	4	4	12	176
общество	8	6	15	167
строй	5	4	9	146
дружба	3	3	6	145
учитель	27	15	79	143
сұлтанмахмұт	11	7	33	139
зейнолла	8	7	44	137
потанин	17	11	101	136
управление	4	4	16	136
чиновник	35	18	332	132
көнекөз	15	7	36	132
ситуация	34	24	250	126
авторитет	10	6	23	124
қарақошқыл	8	5	30	122
фрунзе	6	6	59	118
настроение	3	3	7	117
міржақып	21	11	89	116
оренбург	5	3	52	116
жұмағали	6	3	11	116
жандәрмен	4	3	10	111
отделение	8	8	26	110
орманбет	7	4	26	109
доклад	15	7	17	107
вестник	6	3	7	107
толыбай	7	6	75	106
аттанбақ	8	5	99	104
қаракөлеңке	8	7	73	102
бартольд	6	4	40	102
протокол	26	15	103	101
қарадүрсін	10	6	16	101
парторг	14	8	49	98
маңғышлақ	13	6	67	93
ғабиден	5	4	19	93
советник	12	5	17	93
тәттімбет	9	5	30	92
долгий	3	3	18	92
автомашина	29	19	181	90
минутте	13	11	160	90
священник	32	16	151	90
моисей	5	4	26	90
колчак	15	8	110	89
фирдоуси	10	7	71	88
художник	6	3	13	86
күншуақ	16	9	160	84
голощекин	20	12	145	83
маяковский	9	7	87	83
ашхабад	15	8	87	82
прометей	11	9	70	80
пайдаланбақ	5	3	18	79
қамкөңіл	8	3	13	78
ауэзов	3	3	113	77
листок	7	3	7	77
тайбурыл	22	10	168	76
правление	5	5	12	75
мұстафин	10	6	70	73
мырзабек	9	4	29	73
бекхожин	8	6	39	72
оборот	3	3	7	72
есенин	9	7	61	71
министерство	4	4	12	71
жұмекен	11	8	51	70
иассауи	6	3	37	70
разведка	12	9	31	70
кровать	6	3	8	70
кружка	14	11	59	69
қараменде	9	7	45	69
затаевич	15	8	73	68
дәулеткерей	6	5	45	68
рахымжан	6	4	21	68
қарақалпақстан	8	6	113	67
сырлыбай	7	6	54	67
замок	23	11	33	67
океан	9	5	13	66
петровна	5	5	52	65
записка	14	10	42	65
березин	7	6	34	65
жароков	10	5	27	65
постановка	22	16	60	64
жангелдин	8	5	50	64
колорит	19	12	69	63
оңғарсынова	4	4	33	63
семенович	11	5	22	63
ілгерірек	6	3	42	62
энтузиазм	13	8	34	61
бейсембай	8	6	27	61
есенжанов	8	5	44	60
ақжүніс	7	5	43	60
щедрин	12	7	39	60
қараөткел	14	6	89	59
үйленбек	5	4	61	59
юбилей	8	6	39	58
айбергенов	5	3	17	58
справка	5	4	10	58
перовский	4	3	39	57
тельман	6	5	24	57
бозжігіт	4	3	18	57
қырғиқабақ	8	4	15	57
огонек	7	3	9	57
командование	11	10	72	56
төрехан	6	5	35	56
сәттіғұл	15	6	29	56
қызылқоға	4	4	19	56
бәсентиін	3	3	16	56
гюго	7	6	54	55
тбилиси	9	6	37	55
васильевна	4	4	31	55
телағыс	10	6	28	55
мырзағұл	11	4	24	55
рақымжан	6	5	21	55
монтескье	3	3	16	55
ғұбайдолла	3	3	12	54
талтүс	7	4	116	53
тобанияз	18	9	69	53
комсомолец	20	10	50	53
иманжанов	6	4	27	53
медсестра	10	7	27	53
нұрмағамбет	4	3	12	52
сужүрек	7	3	10	52
жиембет	6	3	7	52
нарынқол	15	8	53	51
москвич	16	8	49	51
шолохов	14	7	57	50
есенберлин	8	4	55	50
гераклит	11	7	49	50
одиссей	7	6	43	50
лейбниц	10	5	39	50
есенқұл	13	5	31	50
әбілмәжін	4	4	11	50
аркадий	4	3	9	50
константинович	5	3	9	50
максимович	5	3	7	50
этноним	46	28	299	49
оригинал	18	10	61	49
ақбөбек	16	8	53	49
төртқара	16	12	53	49
домбауыл	13	6	41	49
кемпірбай	6	5	31	49
мирзоян	3	3	31	49
шәңгерей	9	7	30	49
губкин	9	5	26	49
төремұрат	6	4	15	49
бердіқожа	4	3	13	49
пруссия	9	9	72	48
қожағұл	11	4	26	48
мырзағалиев	7	3	14	48
қарабұғаз	16	8	116	47
тоқтарбай	9	8	49	47
ильминский	9	6	44	47
алекторов	8	6	38	47
троцкий	9	7	38	47
әлімқұлов	9	5	35	47
аллатағала	3	3	31	47
жуковский	4	3	26	47
құлбарақ	10	4	26	47
володя	5	5	21	47
неках	15	8	16	47
қашғари	6	3	14	47
бердияров	8	3	13	47
мастерской	20	13	51	46
қалнияз	15	7	35	46
өмірзақов	12	6	29	46
майлықожа	3	3	12	46
крепостной	6	3	9	46
керенский	7	5	54	45
коперник	12	7	48	45
назарбек	11	5	31	45
оразов	9	5	27	45
қырықмылтық	11	5	17	45
бурный	4	3	10	45
подруга	3	3	8	45
усадьба	22	16	102	44
одиссея	12	11	81	44
кипчак	3	3	29	44
макиавелли	6	3	24	44
құдайбердиев	10	4	23	44
жантөре	3	3	21	44
майлыбай	6	5	21	44
ұзынағаш	10	5	54	43
мергенбай	7	5	24	43
тұрмағамбет	6	3	6	43
рубасы	25	13	113	42
совдеп	24	14	107	42
больница	10	8	51	42
нұрбике	5	5	45	42
плутарх	10	5	36	42
брусиловский	5	4	35	42
панисламизм	8	5	28	42
сейдімбек	7	3	22	42
столовой	3	3	6	42
фихте	7	6	44	41
фетисов	10	6	31	41
колпаковский	4	3	25	41
бегалин	6	3	23	41
ақбура	4	4	22	41
сағидолла	4	4	20	41
жанжігіт	8	5	16	41
өтегенов	6	3	8	41
қараниет	6	3	6	41
шардара	11	9	58	40
скульптура	18	14	51	40
жанбота	13	11	50	40
стражник	20	10	42	40
бородино	9	8	24	40
бичурин	4	3	23	40
көркемсөз	13	7	23	40
вельяминов	5	3	13	40
рубеж	5	3	10	40
тереңөзек	9	4	8	40
галстугі	8	10	122	39
кеңсай	6	5	56	39
қараүлек	13	7	52	39
сарыөзек	13	6	37	39
павловна	4	4	23	39
дәуітбай	6	4	22	39
приказчик	10	5	22	39
успенский	7	5	21	39
өтесінов	8	4	16	39
ерзакович	6	3	14	39
эксплуатация	4	4	13	39
насреддин	3	3	6	39
жаманқара	8	8	31	38
саксон	11	6	20	38
жолымбет	6	4	18	38
кляшторный	4	3	10	38
алмайтұғын	6	4	8	38
культі	4	4	82	37
бородин	8	5	33	37
тұщықұдық	11	6	26	37
қарадомалақ	14	7	24	37
кубань	11	6	20	37
ташауыз	8	4	17	37
өзбекқалиев	8	4	15	37
бекович	7	3	12	37
жетпісбай	5	3	9	37
флоренция	8	9	59	36
үйренбек	7	4	26	36
ассирия	4	4	18	36
страбон	5	4	16	36
күлімкөз	10	5	13	36
шаймерден	3	3	13	36
спираль	9	4	12	36
бекмырза	3	3	11	36
конфискация	4	4	11	36
повестка	3	3	11	36
федоровна	4	4	10	36
афанасий	6	4	8	36
файзолла	3	3	8	36
көкшолақ	11	5	41	35
баркөл	14	6	38	35
келдібек	10	4	31	35
ататүрік	8	4	25	35
мырзашөл	14	6	23	35
япония	6	6	21	35
есенғұл	9	4	18	35
сарыауыз	7	4	12	35
поволжье	4	4	11	35
қарамандыбас	5	3	8	35
афрасиаб	10	7	49	34
месопотамия	7	7	47	34
марқакөл	12	5	36	34
жанкелдин	7	4	28	34
сүйінқара	4	4	24	34
геракл	10	5	23	34
ұлықпан	5	4	21	34
тұрағұл	11	4	19	34
көшербай	5	4	15	34
бекарыстан	4	4	12	34
крупская	3	3	12	34
сәрсекеев	7	3	12	34
құнанорыс	7	3	7	34
қоритын	6	3	6	34
карфаген	12	8	56	33
кутузов	10	5	28	33
ходжент	9	5	27	33
қаражанбас	7	4	25	33
кембридж	11	6	20	33
сауытбек	12	6	19	33
төлегетай	5	4	16	33
петровский	5	4	12	33
зритель	7	3	11	33
мыңбұлақ	15	7	55	32
рысқұл	19	10	48	32
долгополов	18	10	47	32
самодержавие	6	6	40	32
сүйінғара	8	7	40	32
ахметбек	13	6	31	32
маңғыстаумұнайгаз	9	5	26	32
полтава	7	6	24	32
гоббс	7	4	22	32
несіпбек	9	4	21	32
дәуқара	6	6	20	32
тілеуқабыл	10	3	16	32
досмұхамбетов	7	3	15	32
молдабек	10	4	15	32
раушанов	11	5	14	32
темірбай	4	3	14	32
закавказье	6	6	13	32
псков	9	5	13	32
схематизм	18	11	50	31
төртуыл	14	6	44	31
канцелярия	7	7	32	31
десятник	16	7	28	31
мотивировка	6	4	24	31
андижан	7	5	23	31
сейітқұл	9	4	23	31
сергеевна	4	4	23	31
нұркен	6	5	22	31
иманасов	7	3	21	31
жантөрин	8	4	20	31
шерқала	4	4	18	31
тоқтағұл	12	5	15	31
полицейский	6	4	12	31
тақырбас	10	5	12	31
махачкала	3	3	10	31
этногенез	19	12	98	30
ботинка	9	10	67	30
андрусов	10	6	38	30
тыныбек	14	7	34	30
парменид	11	6	26	30
гильгамеш	11	5	23	30
досеке	3	3	22	30
политбюро	3	3	20	30
княгиня	8	6	19	30
темучин	6	3	19	30
ұрдажық	11	6	18	30
комсорг	7	4	15	30
пұсырман	5	4	13	30
самодержавия	3	3	13	30
вышка	6	4	10	30
елшібек	7	3	9	30
төрежан	3	3	9	30
келімбет	6	3	7	30
чертеж	27	14	57	29
балқия	10	11	52	29
есімхан	8	6	38	29
ясперс	9	6	31	29
рдеңе	6	5	30	29
помпей	5	4	28	29
сарыкөл	13	5	23	29
надзиратель	10	4	19	29
айтқұл	11	4	16	29
ащысай	5	4	16	29
балуанияз	8	4	15	29
асфендияров	5	3	12	29
дәндібай	7	4	10	29
ермекбай	4	3	10	29
луговой	5	4	9	29
ориентация	3	3	9	29
выставка	4	3	7	29
жетпейд	3	3	6	29
рабле	32	24	62	28
иваныч	9	5	22	28
байжұма	5	5	21	28
қоңырқұлжа	4	4	19	28
құмкент	8	4	19	28
қыземшек	9	4	18	28
наманган	5	4	15	28
бекбосын	3	3	14	28
симпатия	5	4	14	28
якорь	8	4	10	28
исфиджаб	7	3	8	28
площадка	4	3	6	28
қашқария	6	6	55	27
әмірсана	4	4	30	27
гостиница	6	6	23	27
императрица	6	5	23	27
катастрофа	8	6	21	27
нартайлақ	10	4	20	27
державин	5	4	19	27
байтұрсын	4	3	16	27
сельсовет	5	3	16	27
пролетарий	7	4	15	27
қуанышбай	5	4	14	27
экспертиза	3	3	12	27
донской	4	3	11	27
александровна	3	3	10	27
терещенко	4	3	9	27
детдом	5	3	8	27
жеребцов	10	4	8	27
кемелхан	4	3	8	27
доскей	5	3	6	27
солярка	7	6	25	26
диккенс	11	5	21	26
қабылбек	12	5	21	26
каганович	6	4	18	26
шектібай	4	3	16	26
хайролла	4	4	15	26
жоламанов	7	3	12	26
петрарка	3	3	12	26
бекдаш	5	3	11	26
челябі	3	3	11	26
бердіғожин	7	3	9	26
особняк	5	3	9	26
публика	5	4	8	26
евклид	11	6	39	25
тұщыбек	13	7	36	25
кенжекей	7	7	34	25
куропаткин	8	5	33	25
ячейка	17	11	33	25
хорезмшах	13	7	31	25
дионисий	9	7	28	25
қарашүңгіл	14	6	27	25
прообраз	16	9	26	25
анахарсис	10	4	25	25
жаманқұл	12	5	23	25
казачество	6	6	18	25
путевка	8	6	18	25
құмкөл	10	4	15	25
псевдоним	6	4	15	25
тютчев	7	3	15	25
сенсация	5	4	11	25
прибалтика	3	3	10	25
нарманбет	6	4	9	25
антонина	3	3	8	25
көккөз	7	3	8	25
жұмеке	9	9	165	24
бейсеке	8	8	48	24
евангелие	14	12	32	24
ұлбике	4	4	22	24
сарықамыс	7	4	21	24
құбығұл	15	7	20	24
ломакин	6	3	20	24
фейербах	7	3	15	24
камалиденов	6	4	14	24
кенжеғұл	10	3	13	24
сарыөзен	3	3	11	24
шыртанов	5	3	9	24
куманикус	7	3	8	24
тойшыбек	9	3	7	24
ақбөпе	11	9	42	23
скандинав	12	6	32	23
фортепиано	5	5	28	23
еврипид	10	5	24	23
саржомарт	7	4	16	23
йассауи	7	4	15	23
аштархан	5	4	13	23
карутц	5	3	11	23
қарамолда	3	3	11	23
сарыүйсін	5	4	10	23
төреқұл	8	3	10	23
кешубай	4	3	9	23
қыздарбек	8	3	9	23
чернигов	6	4	9	23
столба	7	4	8	23
қалмырза	4	3	7	23
комбинация	38	25	173	22
манихей	15	9	50	22
дюркгейм	9	6	34	22
афродита	7	6	33	22
гуссерль	12	6	33	22
скептик	12	6	29	22
шалкөде	5	5	28	22
кертөбел	9	4	27	22
тойнби	7	4	25	22
сайлаубек	12	5	23	22
бергсон	3	3	22	22
талдыбұлақ	10	5	22	22
келмембет	5	5	18	22
пастернак	11	5	17	22
ватерлоо	4	4	16	22
коробка	8	6	16	22
мицкевич	9	5	16	22
римлян	12	6	16	22
мақтаарал	10	4	14	22
мефистофель	5	3	14	22
сарқант	8	4	13	22
якобсон	3	3	12	22
дәулетбек	7	3	11	22
қырымқұл	10	3	11	22
расин	6	3	11	22
сасықкөл	6	3	7	22
бейсана	11	9	70	21
аналитика	8	8	41	21
жұфұт	6	7	26	21
халдун	6	5	26	21
яксарт	10	6	25	21
қыдырқожа	5	5	22	21
стендаль	12	6	22	21
дайырқожа	3	3	21	21
ильясов	5	3	17	21
бердіқұлов	7	4	16	21
комфорт	10	6	16	21
жанбике	4	4	15	21
төлеубек	7	3	15	21
махабхарата	4	4	14	21
шойынқұлақ	10	4	14	21
синьцзян	5	3	13	21
гудогі	3	3	12	21
шуманақ	9	4	12	21
османлы	7	4	10	21
байболов	5	3	9	21
найзабек	7	3	9	21
сағынғалиев	7	4	9	21
зеравшан	3	3	8	21
қарымсақов	6	3	7	21
колокол	6	3	6	21
наместник	6	3	6	21
скамейка	16	12	88	20
евангелия	18	13	33	20
беседка	6	5	32	20
половец	10	5	31	20
речитатив	15	9	30	20
ғамзатов	10	4	27	20
княжна	13	10	24	20
қоскөл	10	5	23	20
майтөбе	5	5	23	20
байсалбай	6	4	21	20
жылыбұлақ	10	5	21	20
жылқайдаров	14	7	20	20
әлниязов	8	4	19	20
дәлелхан	6	5	17	20
неруда	5	4	17	20
петька	5	6	17	20
ілиясов	6	4	17	20
парпария	5	5	16	20
спекуляция	6	4	16	20
естеміс	7	4	15	20
қожамқұл	10	3	13	20
шөмішбай	4	3	13	20
бәдіғұлжамал	8	3	12	20
скобелев	9	4	12	20
клочков	6	3	11	20
кузьма	4	4	11	20
ликург	5	3	11	20
курляндия	5	5	10	20
михайловский	4	3	10	20
ришелье	3	3	10	20
тарланбоз	10	4	10	20
тәтімов	6	3	10	20
корчагин	8	4	9	20
қазымбет	6	3	9	20
бижанов	6	3	8	20
меңдекеш	7	3	7	20
иезуит	21	11	69	19
тастөбе	5	5	34	19
қартқожа	10	9	32	19
герцогиня	7	6	28	19
мамырбек	8	4	20	19
сириус	10	4	18	19
несториан	8	4	17	19
сорбонна	3	3	15	19
аристофан	4	3	14	19
қартқожақ	7	4	14	19
риккерт	7	3	14	19
мичурин	5	4	13	19
сәтбек	7	3	13	19
яровая	4	4	13	19
андреевна	3	3	12	19
костылецкий	4	3	12	19
малиновский	4	3	12	19
подрядчик	6	3	11	19
хүсейін	3	3	10	19
құлнияз	11	4	9	19
сизиф	7	3	9	19
мейрамбек	7	3	8	19
телерадио	4	3	8	19
кеңарал	7	3	6	19
көктүрік	32	16	81	18
бозұғлан	5	4	35	18
төбекөз	12	5	31	18
аллақұл	12	5	29	18
шоңмұрын	7	5	25	18
үштөбе	5	5	23	18
алмамбет	10	6	22	18
семетей	5	4	19	18
телғара	5	5	19	18
аккад	10	6	17	18
бәлшебек	11	5	17	18
деникин	6	3	15	18
тілеуқабақ	12	5	15	18
ергенеқон	5	4	14	18
практикант	9	5	14	18
ақшолақов	11	5	13	18
хинган	3	3	13	18
ахметович	6	4	12	18
ьібырай	4	3	12	18
григорян	4	4	11	18
гришка	3	3	10	18
алексейчик	5	3	9	18
көрпебай	4	3	9	18
шынқожа	4	4	9	18
ипполит	6	4	8	18
трофимович	7	3	7	18
ьістық	5	3	7	18
пуговицы	3	3	6	18
деррида	6	6	27	17
жиенқұл	13	5	27	17
эмпедокл	13	6	23	17
құттықия	4	4	22	17
дүтбай	4	3	21	17
бальмонт	9	5	18	17
жантурин	5	5	15	17
қоңырбике	3	3	14	17
аналитик	8	3	11	17
верещагин	8	4	11	17
қиынов	7	3	11	17
мәмбетнияз	10	3	11	17
мықтыбай	5	4	11	17
ақкөбік	8	3	10	17
бондаренко	3	3	10	17
коншин	3	3	10	17
қызыларай	4	3	10	17
башкирия	3	3	9	17
қосөзен	5	3	9	17
проходка	4	4	9	17
кенесарин	4	3	8	17
қаратүлей	4	3	8	17
рошаль	5	3	8	17
алдияров	7	3	6	17
педучилище	10	9	49	16
эрмитаж	15	7	49	16
корсика	9	7	29	16
адамилық	11	5	25	16
оғызнама	5	5	24	16
тотынама	4	4	24	16
еретик	6	3	23	16
перчатка	9	6	21	16
бәдіғұл	12	5	18	16
мақтарал	12	5	18	16
күлпаш	9	4	17	16
присяжный	8	4	17	16
симбиоз	7	4	17	16
дильтей	5	4	14	16
ксенофонт	7	3	13	16
раевский	4	3	13	16
шухов	5	3	13	16
маэстро	4	4	12	16
өлгий	4	3	12	16
татищев	8	4	12	16
армстронг	8	4	11	16
саламатов	7	3	11	16
хұсейін	4	4	11	16
жанболатова	4	4	10	16
измайлов	3	3	10	16
құрамысов	9	4	10	16
чичерин	7	4	10	16
бакунин	4	3	9	16
дөрбілжін	3	3	9	16
ойқұдық	7	3	8	16
тәуірбай	4	3	8	16
банзаров	5	3	7	16
шельф	3	3	7	16
шұбарағаш	8	3	6	16
эмбрион	6	3	6	16
нұрке	7	6	50	15
стрелец	18	9	33	15
македон	16	8	31	15
утемисов	3	3	29	15
мұсеке	7	7	28	15
секундант	16	9	28	15
жолмұрат	8	5	23	15
кромвель	11	4	20	15
қостөбе	5	5	19	15
досмухамбетов	3	3	18	15
қарауылқожа	3	3	17	15
петефи	10	6	17	15
гутковский	7	4	16	15
құладүз	7	3	16	15
мәмбетей	5	3	15	15
сезінбес	6	3	15	15
ургенч	4	3	15	15
шахрух	5	3	14	15
қайрош	8	4	13	15
цинизм	4	4	13	15
каменка	5	5	12	15
телікөл	9	4	12	15
қызбел	10	5	10	15
жолдасов	6	3	9	15
противогаз	7	3	8	15
раскольников	7	3	8	15
ахундов	3	3	7	15
әскербек	7	3	7	15
қырымқұлов	7	3	7	15
фейерверк	7	3	7	15
освальд	7	3	6	15
эфталит	18	9	52	14
карамазов	20	11	41	14
воевода	13	9	32	14
трансценденция	9	9	32	14
догматика	9	8	28	14
көкдауыл	12	5	22	14
елдімекен	11	8	20	14
гласный	11	6	19	14
эвклид	7	3	19	14
қарақыстақ	13	6	17	14
утесинов	3	3	17	14
жүзтайлақ	11	4	16	14
бурылтоғай	5	4	15	14
тихомиров	6	3	14	14
құтайба	6	5	13	14
посейдон	3	3	12	14
кордова	4	4	11	14
қоржынкөл	6	3	10	14
қожақұл	7	3	9	14
дмитриевна	3	3	8	14
қағазов	7	3	8	14
батуми	3	3	7	14
сарытоғай	3	3	7	14
арғықазақ	19	10	57	13
тұреке	6	6	39	13
жүсеке	3	3	35	13
кушетка	7	6	29	13
эфиоп	10	5	27	13
сандалкөк	7	3	21	13
сареке	5	6	21	13
коляска	7	6	20	13
теңбілкөк	8	4	20	13
участогі	3	3	20	13
кебекбай	4	3	19	13
кеңқияқ	13	6	19	13
анахита	4	4	18	13
бименде	5	5	16	13
земарх	11	5	16	13
конфиске	3	3	16	13
матильда	5	5	16	13
ашхабат	8	5	15	13
дубский	6	4	15	13
нагасаки	4	3	15	13
остроумов	7	4	14	13
сальери	9	5	14	13
совнархоз	8	4	14	13
нұрмолда	4	4	13	13
обломов	10	5	13	13
саквояж	8	4	13	13
тынянов	5	3	13	13
этномәдениет	7	4	13	13
бабырнама	4	4	12	13
урусов	5	3	12	13
айбасов	5	3	11	13
бердіқұл	10	3	11	13
сағатбек	8	3	11	13
абылайханов	7	3	10	13
рудзутак	8	4	10	13
юечжи	8	4	10	13
мырзақұл	7	3	9	13
сейсеке	3	3	9	13
байсиық	7	3	8	13
констебль	8	3	8	13
мамеке	3	3	8	13
мүслима	3	3	8	13
ьісқақ	7	3	8	13
әтембек	7	3	7	13
эренбург	5	3	6	13
детерминация	26	20	85	12
качалка	16	11	55	12
юэчжи	14	8	40	12
исседон	12	6	36	12
сәрсеке	12	11	28	12
педсовет	6	4	27	12
савромат	13	7	26	12
ельцин	7	4	23	12
үндіеуропа	14	7	23	12
гасфорт	10	6	22	12
ниневия	6	6	22	12
конъюнктура	4	4	21	12
сорқұдық	8	4	21	12
константа	11	6	20	12
орынтақ	8	4	20	12
бенарес	7	4	18	12
сосиска	11	8	18	12
әйтиев	9	4	17	12
әбілтай	4	3	16	12
төлеев	11	5	16	12
есімжан	5	5	15	12
православ	6	3	15	12
кангха	5	4	14	12
смольный	5	4	14	12
суықтөбе	4	4	14	12
халтурщик	8	4	14	12
хуанди	5	4	14	12
азынабай	4	3	13	12
витгенштейн	6	3	13	12
дәуренбек	10	4	13	12
каутский	5	4	13	12
кропоткин	9	4	13	12
қодарқұл	13	5	13	12
садвакасов	3	3	13	12
бейнеубай	4	3	12	12
курсте	6	4	12	12
қалығұл	12	5	12	12
панталон	5	4	12	12
испиджаб	10	4	11	12
ардвисура	4	4	10	12
веревкин	3	3	10	12
жанқылыш	10	4	10	12
калигула	3	3	10	12
малларме	3	3	10	12
кенжегүл	8	3	9	12
линейка	5	4	9	12
лотарингия	3	3	9	12
маленков	6	4	9	12
мұзбел	7	3	9	12
мыңтөбе	3	3	9	12
сияуыш	7	3	9	12
үшқұдық	7	3	9	12
ақкетік	7	3	8	12
беймүмкін	5	3	8	12
борисфен	4	3	8	12
извозчик	6	3	8	12
құлшығаш	9	3	8	12
тепеңкөк	8	4	8	12
царицын	4	3	8	12
шаляпин	6	3	8	12
жаңадария	3	3	7	12
ионов	3	3	7	12
маевский	5	3	7	12
рахматуллин	4	3	6	12
алшеке	6	7	44	11
үндіиран	13	7	37	11
қашғария	6	6	27	11
үндіарий	11	6	27	11
халком	10	6	27	11
бозтөбе	9	8	25	11
қараханид	6	3	24	11
фразеологизм	10	6	21	11
психоаналитик	10	5	20	11
алшыораз	9	5	19	11
героика	3	3	19	11
коньягі	3	3	19	11
қатонқарағай	5	4	19	11
раввин	10	6	17	11
скепсис	11	7	17	11
бессарабия	6	6	16	11
стилизация	7	5	16	11
контаминация	6	5	15	11
прописка	7	5	15	11
унификация	7	6	15	11
везувий	5	4	14	11
насонов	8	4	14	11
салфетка	5	4	14	11
иномарка	6	5	13	11
сеньора	6	5	13	11
агафья	4	4	12	11
тайкөк	7	4	12	11
терлікбай	4	3	12	11
күреңтөбел	9	3	11	11
қаңтарбай	6	4	11	11
түрікмения	3	3	11	11
этажерка	4	4	11	11
кантилена	3	4	10	11
суықбұлақ	8	4	10	11
бандитизм	6	3	9	11
қырықкез	5	3	9	11
оразмұхаммед	5	3	9	11
ақжонас	6	3	8	11
балтеке	3	3	8	11
вронский	4	3	8	11
гиппарх	5	3	8	11
губисполком	4	3	8	11
нұрмамбет	7	4	8	11
раушангүл	9	3	8	11
сайөтес	5	3	8	11
саяқбай	4	3	8	11
тәңірия	3	4	8	11
баратынский	4	3	7	11
жанысбай	4	3	7	11
зеленский	6	3	7	11
көкжота	3	3	7	11
нұрымбет	6	3	7	11
чистяков	7	3	7	11
шыныбек	6	3	6	11
праформа	18	12	51	10
шоқтерек	11	5	41	10
скифия	7	7	38	10
носилка	10	7	30	10
гиперборея	8	7	27	10
сарсүмбе	5	5	26	10
раушанбек	12	5	23	10
секөнт	11	6	23	10
скамья	5	4	17	10
гаргантюа	7	6	16	10
мұхаммедфазыл	11	4	16	10
жылышырай	4	3	15	10
күлембай	5	3	15	10
стагирит	6	3	15	10
жұңго	5	5	14	10
корзинка	6	5	14	10
приходько	5	5	14	10
жаңасемей	4	3	13	10
өгізхан	4	3	13	10
алтынорда	9	5	12	10
бургундия	4	4	12	10
изабелла	5	5	12	10
көрстан	5	4	12	10
нәрікбай	5	4	12	10
антиохия	5	5	11	10
саркөл	8	3	11	10
ханабад	9	4	11	10
эней	4	3	11	10
байсақал	8	3	10	10
косыгин	3	3	10	10
матфей	4	3	10	10
нұрасыл	11	4	10	10
зырян	5	3	9	10
иллиада	3	3	9	10
тоққожа	3	3	9	10
байтурсунов	3	3	8	10
белослюдов	4	3	8	10
дауылов	7	3	8	10
копетдаг	7	3	8	10
майбұлақ	5	3	8	10
мүсеке	3	3	8	10
тевтон	6	3	8	10
костомаров	5	3	7	10
мефодий	5	3	7	10
рекрут	4	3	7	10
самоквасов	5	3	7	10
антиох	7	3	6	10
әлсейіт	5	3	6	10
кострома	3	3	6	10
митька	3	3	6	10
әрнәрсе	5	5	59	9
коннотация	33	22	59	9
түпнегіз	17	10	37	9
коринф	13	7	34	9
манжурия	7	7	29	9
көзжұмбай	4	4	28	9
эполет	11	8	25	9
ономастикон	10	7	24	9
печорин	8	5	22	9
универсалия	8	4	22	9
сарацин	8	4	19	9
фландрия	5	5	19	9
біршымбай	4	3	16	9
күлмесхан	4	4	15	9
ричмонд	13	6	15	9
этнопедагогика	5	4	15	9
һауадақ	8	4	14	9
этнолингвистика	3	3	14	9
қаржауов	12	5	13	9
махашқала	3	3	13	9
раковина	9	6	13	9
тойқожа	3	3	13	9
фригия	5	4	13	9
гертруда	4	4	12	9
деструкция	4	4	12	9
кинодраматургия	5	5	12	9
мосфильм	7	4	12	9
семиозис	6	4	12	9
добросмыслов	5	3	11	9
ишимов	3	3	11	9
каторжник	7	3	11	9
қайынбике	5	4	11	9
лосовский	4	3	11	9
шаньси	6	5	11	9
архилох	7	3	10	9
зигфрид	7	3	10	9
кемелбай	4	3	10	9
қаражанов	7	3	10	9
тарквиний	8	4	10	9
тимонин	3	3	10	9
тоқмайдан	3	3	10	9
умурзаков	3	3	10	9
үшқиян	4	3	10	9
шайтанкөл	8	3	10	9
қаншеңгел	10	4	9	9
қарағантүп	6	3	9	9
савойя	4	4	9	9
черепица	3	3	9	9
эйзенштейн	3	3	9	9
эллипсис	5	3	9	9
алаторпа	3	3	8	9
гельдерлин	6	3	8	9
естемесов	5	3	8	9
прекос	7	4	8	9
словоохотов	7	4	8	9
аманқызылит	6	3	7	9
құлшаров	8	3	7	9
нүсіпхан	4	3	7	9
әндижан	5	3	6	9
лесли	6	3	6	9
маймақов	7	3	6	9
сәлімгереев	7	3	6	9
сперма	3	3	6	9
красноводскі	7	7	114	8
гиперборей	19	10	38	8
ғауазхан	10	8	37	8
констелляция	18	12	35	8
қарасартов	15	8	33	8
перипатетизм	12	9	33	8
автостанция	5	5	31	8
лакедемон	13	7	29	8
үндіевропа	22	11	29	8
үнтаспа	8	5	26	8
назеке	6	6	25	8
лесхоз	12	6	21	8
мутакаллим	5	3	20	8
бастилия	5	5	19	8
станогі	4	4	19	8
барқытбел	8	4	18	8
күнкөр	5	5	18	8
педтехникум	11	6	16	8
көзқаман	5	4	15	8
ботантай	5	4	14	8
икарус	7	3	14	8
малатия	5	5	14	8
сельпо	3	3	14	8
үшбас	6	4	14	8
жанымхан	4	4	13	8
мамабике	3	3	13	8
сарысүмбе	5	5	13	8
списогі	3	3	13	8
тюильри	4	4	13	8
ходжанов	6	4	13	8
максимыч	10	4	12	8
троекуров	9	5	12	8
фессалия	4	4	12	8
франграсйан	3	3	11	8
бадақшан	7	5	10	8
қазақконцерт	6	3	10	8
навахо	8	5	10	8
сүлікқара	4	4	10	8
аязхан	4	4	9	8
әбуғалисина	3	3	9	8
боккаччо	4	3	9	8
плебс	5	3	9	8
таңсыққожа	3	3	9	8
тоқбике	3	3	9	8
шэньси	5	4	9	8
дәулетбике	3	3	8	8
субэтнос	5	3	8	8
әлқожа	3	3	7	8
главка	3	3	7	8
кангдиз	6	3	7	8
кандид	7	3	7	8
комдив	7	3	7	8
сановник	7	3	7	8
сарымырза	3	3	7	8
ячейке	4	3	7	8
гиперболизация	4	3	6	8
қазығұл	8	3	6	8
мақұлбай	5	3	6	8
пневма	3	3	6	8
хэнань	5	3	6	8
стоик	13	7	53	7
жертарап	13	7	37	7
програм	14	9	36	7
поппе	3	3	24	7
құлжабек	13	7	20	7
магнитка	6	5	20	7
синдикализм	9	7	18	7
гумбольд	8	3	17	7
айчуваков	3	3	16	7
валгалла	4	4	16	7
түркмения	3	3	16	7
хасанхан	5	4	16	7
валькирия	8	5	14	7
мокасин	11	6	14	7
сорбұлақ	9	5	14	7
циркуляция	4	3	14	7
меланезия	5	4	13	7
монтескьё	3	3	13	7
нехлюдов	8	4	13	7
шұбарқұдық	10	5	13	7
байкөбек	11	5	12	7
бенгалия	3	3	12	7
зеркүл	8	3	12	7
этнографизм	8	3	12	7
идальго	7	5	11	7
қошоба	3	3	11	7
нүрилә	5	5	11	7
суматра	5	5	11	7
шакьямуни	5	4	11	7
жайлаубек	9	4	10	7
жанбозов	7	4	10	7
меңдіқыз	9	4	10	7
эпоним	4	3	10	7
гнозис	7	4	9	7
гречко	3	3	9	7
жарқұдық	8	4	9	7
кенжеғара	3	3	9	7
офелия	3	3	9	7
паннония	3	3	9	7
шлегель	9	4	9	7
жамантік	9	3	8	7
қамидолла	4	4	8	7
қарамашақ	9	4	8	7
органон	5	3	8	7
праджапати	6	3	8	7
сакля	5	4	8	7
тұзтөбе	3	3	8	7
фазылов	5	3	8	7
арпоксай	4	3	7	7
великорус	6	3	7	7
жаппасбай	4	3	7	7
жұбанбас	6	3	7	7
сұлтанқұл	7	3	7	7
тілеубек	9	3	7	7
әмірзада	3	3	6	7
берданка	4	3	6	7
гештальт	4	3	6	7
гүлзия	3	3	6	7
есімқан	4	3	6	7
жайлыбеков	6	3	6	7
жалмағамбет	3	3	6	7
мамбеев	6	3	6	7
ординарец	6	3	6	7
сәменбет	5	3	6	7
червяков	7	3	6	7
эротика	4	4	53	6
халеке	9	9	43	6
прототүркі	12	7	28	6
шераға	7	6	26	6
дхарма	5	4	21	6
спасскі	6	6	20	6
аристотелизм	8	4	18	6
бекки	9	6	18	6
консорция	10	7	17	6
дөңқара	7	7	16	6
интеллекция	3	3	16	6
киплинг	10	4	16	6
прилавка	3	3	16	6
төлебике	5	5	15	6
мұхамедияров	10	4	14	6
родриго	5	5	14	6
славянофил	6	3	14	6
тохарстан	6	4	14	6
абызов	5	3	13	6
жалғызкөз	8	3	13	6
мазепа	3	3	13	6
трудармия	4	4	13	6
учите	4	4	13	6
донсков	6	4	12	6
конфиска	3	3	12	6
медучилище	3	3	12	6
нарқамыс	10	5	12	6
ашғабад	10	5	11	6
беллетристика	5	5	11	6
леспромхоз	11	4	11	6
сайлыбек	9	3	11	6
шайбанилық	8	4	11	6
афиндық	8	4	10	6
бизянов	5	3	10	6
болонья	3	3	10	6
жиренкөл	10	4	10	6
шетқурай	4	3	10	6
шешенстан	5	3	10	6
бозжанов	7	3	9	6
гувернантка	5	4	9	6
интелегенция	3	3	9	6
құмтөбе	4	3	9	6
ракитин	7	4	9	6
сұржекей	5	4	9	6
таянов	5	3	9	6
ханбике	3	3	9	6
хасенхан	5	4	9	6
шацкий	4	3	9	6
голгофа	4	4	8	6
горгона	5	3	8	6
кенжанбай	4	3	8	6
милютин	3	3	8	6
неверов	5	3	8	6
охранка	3	3	8	6
рукуғ	8	4	8	6
сатурналий	7	4	8	6
акчурин	5	3	7	6
арлекин	6	3	7	6
запорож	6	3	7	6
каравелла	3	3	7	6
кобзев	7	3	7	6
көпбол	7	3	7	6
кремлев	7	3	7	6
құтжол	8	3	7	6
шалқаров	7	3	7	6
эскадрилья	3	3	7	6
көртоғай	4	3	6	6
ойрантөбе	3	3	6	6
өндірқара	3	3	6	6
стикс	6	3	6	6
сяньби	5	3	6	6
фаланга	4	3	6	6
шоражан	4	3	6	6
денотация	20	18	36	5
этикетка	11	8	28	5
кинокартина	14	9	25	5
эзотеризм	11	8	24	5
провинциал	5	3	23	5
гракх	15	7	22	5
майлықара	8	6	20	5
алдеке	3	3	18	5
гугенот	10	5	18	5
сюртугі	3	3	18	5
көктүрк	13	7	17	5
көксандал	8	3	16	5
осборн	13	7	16	5
хионит	6	3	16	5
бозаман	8	6	15	5
бұлғария	5	4	15	5
мұхтархан	5	4	15	5
урваши	6	3	15	5
ғаждамбек	10	4	14	5
жақсықылыш	13	6	14	5
кейптаун	6	4	14	5
мәжнүнкөк	10	5	14	5
промсол	9	4	14	5
ботабек	13	6	13	5
этимолог	10	5	13	5
жолдыөзек	7	3	12	5
саутгемптон	7	5	12	5
қуеке	3	3	11	5
расхот	6	4	11	5
гегемон	3	3	10	5
колаксай	4	3	10	5
қарүлек	9	4	10	5
қостөре	4	4	10	5
садвокасов	3	4	10	5
сәулебек	11	5	10	5
хумбаба	3	3	10	5
досмайыл	11	4	9	5
карачи	3	3	9	5
кетебике	3	3	9	5
көктұйғын	3	3	9	5
неоплатоник	6	3	9	5
нюхалов	4	4	9	5
спецовка	5	3	9	5
трансильвания	4	4	9	5
түктіаяқ	7	3	9	5
херсонес	5	3	9	5
ашгабад	6	3	8	5
бодаубек	9	4	8	5
куртизанка	5	3	8	5
қалмұратов	5	3	8	5
қиясбай	5	3	8	5
надсон	3	3	8	5
покотилов	3	3	8	5
сосновка	4	4	8	5
телшора	3	3	8	5
тойымбай	4	3	8	5
ьіза	5	3	8	5
бегдаш	7	3	7	5
джакупов	7	3	7	5
кеңжанбай	3	3	7	5
конкурент	5	3	7	5
кронштад	7	3	7	5
қараорман	4	3	7	5
маккензи	4	3	7	5
нүптебек	9	3	7	5
потребсоюз	9	3	7	5
таврида	3	3	7	5
физиогномика	3	3	7	5
херувим	5	3	7	5
эйфория	4	3	7	5
эльдорадо	3	3	7	5
великорос	6	3	6	5
жезбике	3	3	6	5
заготскот	5	3	6	5
кабарда	4	3	6	5
көкарал	7	3	6	5
нарбут	3	3	6	5
растиньяк	7	3	6	5
трансцендентализм	4	3	6	5
фраварти	6	3	6	5
һиндустан	4	3	6	5
шаштөбе	3	3	6	5
жантеке	4	4	36	4
жәмбілбел	16	8	24	4
марғышаһ	13	9	24	4
ақзарбап	10	5	20	4
монофизит	8	4	20	4
жатынжай	8	6	19	4
экспликация	6	5	17	4
раманқұл	14	6	16	4
кинолента	8	6	15	4
кеңөзек	13	6	14	4
күлғасыл	13	5	14	4
равенна	5	5	14	4
сараңбай	6	5	14	4
театрал	6	3	14	4
яғмус	11	6	14	4
гиксос	6	3	13	4
кенжеқыз	8	4	13	4
қайынсіңлі	4	3	13	4
машбюро	4	4	13	4
митраизм	8	5	13	4
патрокл	11	4	13	4
шағдатхан	5	4	13	4
алниязов	3	3	12	4
кавказия	5	5	12	4
саятқора	5	5	12	4
танзимат	8	5	12	4
тұлымқожа	4	4	12	4
узус	7	4	12	4
формализация	7	5	12	4
ақмадия	4	4	11	4
ғауазжан	6	4	11	4
каноник	10	4	11	4
комбинаторика	6	5	11	4
меһрасып	8	4	11	4
мүкарама	4	4	11	4
өгдүлміш	10	4	11	4
аяуке	4	4	10	4
ғашірбек	12	5	10	4
дөртуіл	11	4	10	4
кемализм	7	4	10	4
мафруза	4	4	10	4
пенжагі	3	3	10	4
пиетизм	7	5	10	4
поэтизм	5	3	10	4
тоқмамбет	4	3	10	4
автандил	9	4	9	4
ақөзек	8	4	9	4
кескентерек	10	4	9	4
нидерландия	3	3	9	4
панург	7	3	9	4
сарыеке	5	4	9	4
симфонизм	3	3	9	4
утнапишти	6	3	9	4
филистимлян	8	4	9	4
бакенбард	7	3	8	4
көккөл	6	3	8	4
манвантара	4	3	8	4
сарыалатегеш	8	4	8	4
семиосфера	4	4	8	4
списокте	5	3	8	4
схоласт	8	4	8	4
тагимасад	7	3	8	4
түбежік	7	4	8	4
дидона	3	3	7	4
қисыбай	4	3	7	4
профанация	5	3	7	4
успения	3	3	7	4
айдарқұл	8	3	6	4
алаукеш	6	3	6	4
альтинг	7	3	6	4
зоосемиотика	3	3	6	4
кистеневка	3	3	6	4
қарпықбай	4	3	6	4
құланайжарқын	3	3	6	4
одғұрмыш	7	3	6	4
соғдиана	3	3	6	4
талдыөзек	7	3	6	4
институция	25	17	74	3
немқұрай	13	9	52	3
трансценденталь	8	3	35	3
кенорын	12	6	34	3
паттерн	27	14	34	3
ахеменид	6	3	22	3
пятигорскі	5	5	21	3
түгеншеке	4	5	21	3
ізбай	6	6	20	3
пашпырт	10	6	19	3
қойшеке	4	4	16	3
аксиоматика	6	6	15	3
жантөкеш	10	5	15	3
мамағаш	6	3	15	3
ындысте	3	3	14	3
амахраспанд	11	5	13	3
көзалшаһ	11	6	13	3
милықұдық	9	5	13	3
прототүрк	7	4	13	3
субстантив	10	5	13	3
конфеске	6	4	12	3
күнасыл	12	6	12	3
методизм	10	6	12	3
печат	4	3	12	3
пигмей	8	4	12	3
пропозиция	8	5	12	3
тұлымби	7	4	12	3
ашғабат	7	4	11	3
доусон	5	4	11	3
мельбурн	5	4	11	3
смердяков	11	5	11	3
эйнхерий	6	3	11	3
аржелуз	10	5	10	3
грушницкий	5	4	10	3
гілгәмеш	11	5	10	3
қотанкөл	9	3	10	3
ламанча	6	5	10	3
лиговская	8	5	10	3
мифологизм	9	5	10	3
священик	9	4	10	3
тәжбақыт	8	5	10	3
тәжмахал	7	3	10	3
феллага	7	5	10	3
гүлнахал	10	3	9	3
жазеке	3	3	9	3
партпел	9	3	9	3
приемда	4	4	9	3
байматай	5	4	8	3
грамматология	3	3	8	3
доместикация	3	3	8	3
жайынбек	7	3	8	3
жүңго	4	4	8	3
кангюйлік	6	3	8	3
ктесифон	6	4	8	3
қалиевич	7	3	8	3
қарықбол	8	3	8	3
маздаясна	8	4	8	3
мехколонна	3	3	8	3
мүзіке	4	4	8	3
нарвал	10	4	8	3
орқызыл	11	4	8	3
саршаян	5	4	8	3
сарымсаков	3	3	8	3
сафеке	3	3	8	3
сыйлыбай	4	3	8	3
тобосская	4	4	8	3
херсковиц	8	4	8	3
хоршаһра	4	4	8	3
дефорж	8	3	7	3
калымщик	6	3	7	3
кастилия	3	3	7	3
клотильда	3	3	7	3
мәчин	6	3	7	3
түріккомиссия	3	3	7	3
уақыйға	5	3	7	3
эгенсон	4	3	7	3
аспанқора	3	3	6	3
әбужәһіл	7	3	6	3
әмірханова	3	3	6	3
буффало	3	3	6	3
демонизм	3	3	6	3
дульсинея	3	3	6	3
есентуки	3	3	6	3
зиусудра	3	3	6	3
конгрегация	5	3	6	3
конфуциан	6	3	6	3
кудреванько	3	3	6	3
қалмақтолағай	4	3	6	3
қандыаю	6	3	6	3
құбайра	3	3	6	3
лубянка	3	3	6	3
мираншах	5	3	6	3
митенька	3	3	6	3
полицентризм	6	3	6	3
селсовет	5	3	6	3
тривандрум	5	3	6	3
тұрсынбике	3	3	6	3
тяньцзин	4	3	6	3
хоробрых	7	3	6	3
экзотеризм	6	3	6	3
москв	6	6	848	2
трансцендент	30	18	115	2
жеккөр	12	15	75	2
жандүние	14	16	66	2
жәйтта	6	6	65	2
қоңтаж	4	4	51	2
мифоэпика	13	13	49	2
бейсемб	5	5	44	2
дифференция	16	13	38	2
тетрахорд	32	17	36	2
трансцендентал	8	4	36	2
календа	6	6	33	2
жонарқа	8	7	32	2
қойкел	6	3	31	2
сиырқұйымшақ	4	4	29	2
яровизация	19	14	28	2
қарғабой	5	4	23	2
перманент	5	3	21	2
субьектив	8	3	19	2
тройцкі	4	4	17	2
элеат	8	4	17	2
егоровка	9	8	16	2
петровскі	4	4	16	2
аргиппей	10	5	15	2
қолшапалақ	6	5	15	2
клиентела	12	7	14	2
көппартия	4	4	14	2
маһирон	10	7	14	2
прагмема	12	7	14	2
редсмири	10	7	14	2
реификация	7	6	14	2
жаманке	6	6	13	2
коннотатив	6	3	13	2
пруссак	10	5	13	2
сиянби	11	6	13	2
бірмезгіл	6	3	12	2
доббин	10	6	12	2
күландаз	12	6	12	2
мәкка	5	5	12	2
миметизм	9	6	12	2
раушенбек	13	6	12	2
росинант	13	6	12	2
гексаграмма	6	4	10	2
грушенька	4	4	10	2
ертұяқ	12	5	10	2
жалайырхан	6	5	10	2
жамбылбел	8	5	10	2
кінған	7	5	10	2
ләззатбал	12	5	10	2
массовка	3	3	10	2
метафорология	6	5	10	2
нәлқара	5	5	10	2
окленд	7	4	10	2
саутдаун	8	5	10	2
субкод	9	5	10	2
тетрада	4	4	10	2
фарқағад	11	5	10	2
шабшак	10	5	10	2
бензоколонка	3	3	9	2
варенька	3	3	9	2
философема	6	3	9	2
энергетизм	4	4	9	2
амангерей	6	4	8	2
бейракрс	9	4	8	2
бугеев	10	4	8	2
ғалатнама	4	4	8	2
ғамири	5	4	8	2
діләфруз	9	4	8	2
естігүл	7	4	8	2
жаппарқұл	6	3	8	2
жартыетек	8	4	8	2
жаседіл	8	4	8	2
ждақай	6	4	8	2
жекешұнақ	8	4	8	2
идеологика	4	4	8	2
кәждембек	8	4	8	2
керафил	11	4	8	2
кифара	3	3	8	2
көлшүнгент	8	4	8	2
құнанбел	10	4	8	2
құрбанкүл	10	4	8	2
маруарт	8	4	8	2
нәзігүл	11	4	8	2
нөкербай	5	4	8	2
сартқара	4	4	8	2
синсизи	7	4	8	2
сиогун	7	4	8	2
суперквартал	9	4	8	2
таңшолақ	10	4	8	2
теміраяқ	10	4	8	2
трибхувана	4	4	8	2
хабаровскі	3	3	8	2
брайтон	5	3	7	2
жұбеке	3	3	7	2
микрокредит	5	3	7	2
парахот	5	3	7	2
секвенция	4	3	7	2
абдулуаһап	7	3	6	2
австралопитек	7	3	6	2
ангирас	6	3	6	2
афласон	4	3	6	2
әйдербек	7	3	6	2
багозаков	3	3	6	2
бегімана	3	3	6	2
бейсекеш	9	3	6	2
бибінияз	8	3	6	2
богдановка	3	3	6	2
бромптон	5	3	6	2
вулич	7	3	6	2
дәумама	3	3	6	2
дипломатка	3	3	6	2
елісхан	4	3	6	2
еркеатан	4	3	6	2
жамантелпек	7	3	6	2
жамнұн	3	3	6	2
жәнехан	3	3	6	2
жоржетта	3	3	6	2
зәуреней	4	3	6	2
интенцияшіл	6	3	6	2
казачи	6	3	6	2
казбич	7	3	6	2
кандуха	3	3	6	2
кетедал	8	3	6	2
колодкі	3	3	6	2
колумкилли	4	3	6	2
көкшоқат	5	3	6	2
кроуфорд	7	3	6	2
күлзайра	3	3	6	2
қайырсынов	6	3	6	2
қалтон	4	3	6	2
қангерман	5	3	6	2
қандыөзек	6	3	6	2
қанжарқан	3	3	6	2
қанкөшек	7	3	6	2
қасенхан	4	3	6	2
қашимшим	6	3	6	2
қәдірхан	4	3	6	2
қосмалия	3	3	6	2
лапландия	3	3	6	2
мақтымхан	4	3	6	2
мәнжал	8	3	6	2
мейізкүл	5	3	6	2
нарқұла	3	3	6	2
ознобин	6	3	6	2
орайнатан	3	3	6	2
остроухов	6	3	6	2
отыкен	4	3	6	2
пахраддин	6	3	6	2
перверсия	3	3	6	2
пифия	4	3	6	2
ресторация	3	3	6	2
сартоқай	3	3	6	2
сейдхарта	3	3	6	2
символат	6	3	6	2
синергизм	6	3	6	2
соуллилья	3	3	6	2
сұркөк	7	3	6	2
таңдайбай	4	3	6	2
тобосо	3	3	6	2
томагавкі	6	3	6	2
төлегатай	4	3	6	2
уәзірхан	3	3	6	2
ұйғырия	3	3	6	2
үйезнай	3	3	6	2
хасенміл	8	3	6	2
цинцендорф	5	3	6	2
чэдвик	6	3	6	2
шаймұза	3	3	6	2
шерқуат	3	3	6	2
шүршітпай	4	3	6	2
эллора	3	3	6	2
құлаге	18	19	389	0
петербо	9	9	287	0
сұлтанмахмұ	3	3	203	0
доссо	11	10	192	0
кызме	3	3	185	0
өлкета	29	12	183	0
көрсеқыз	22	14	182	0
туркеста	3	3	182	0
көрұғл	15	17	180	0
конгре	12	11	177	0
әбілхайы	7	7	167	0
көзбоя	53	18	162	0
тәкәппа	21	15	162	0
орманбе	3	3	151	0
тәттімбе	3	3	150	0
кесепа	3	3	149	0
зейнолл	3	3	142	0
шалажанс	5	3	141	0
байшұб	13	13	136	0
тәңірбер	13	9	126	0
заңдастырыл	13	9	110	0
мұхамеджа	4	3	110	0
сеніңкіре	9	9	110	0
начальни	12	4	107	0
сәудег	13	10	102	0
өркения	4	5	98	0
хайдегг	10	11	98	0
өнебой	8	8	95	0
әбілмансұ	5	5	92	0
абдрахма	3	3	91	0
есенгел	8	5	91	0
шәһә	14	15	91	0
сәйкестендіріл	15	10	89	0
қожаназ	6	6	86	0
совнарко	9	8	85	0
бәйімбе	3	3	84	0
узбекиста	3	3	84	0
монасты	19	12	81	0
хантәңі	9	9	80	0
қызыләск	14	11	79	0
отансүй	12	8	79	0
рационалис	10	5	78	0
бозжіг	3	3	77	0
ыбраһ	4	4	75	0
есмағамбе	3	3	73	0
обьек	24	14	73	0
детдо	6	6	72	0
тайсой	6	6	71	0
еспембе	3	3	68	0
көптом	11	7	68	0
өнбой	8	8	68	0
төлепбер	6	5	68	0
іштарт	10	9	68	0
афганиста	3	3	67	0
сакраль	26	13	66	0
құламер	7	5	65	0
төремұра	3	3	65	0
жиембе	3	3	64	0
нұрмағамбе	3	3	64	0
өтежа	4	3	64	0
сеньо	21	15	64	0
гиппокра	3	4	63	0
мирзоя	4	3	63	0
тәңірта	9	9	63	0
телқоңы	9	9	62	0
шпенгл	4	4	61	0
позитивис	12	6	60	0
берншта	4	3	57	0
манифе	8	7	57	0
мізбақ	10	7	57	0
прафор	9	8	57	0
құлбол	11	8	56	0
ормамбе	3	3	56	0
тәкабб	10	6	56	0
кішіта	8	8	55	0
атағоз	5	5	54	0
әндіжа	4	3	54	0
карфаге	5	4	54	0
чингисха	3	3	54	0
менмұнда	3	3	53	0
пригово	13	10	53	0
флобе	6	6	53	0
ақшымыра	6	6	52	0
робеспь	5	5	52	0
бәзбіре	15	10	51	0
дінта	9	9	51	0
сәтемі	4	4	51	0
туркмениста	3	3	51	0
керқұ	7	5	49	0
қаракөзай	5	5	49	0
түркіменста	4	3	49	0
мергенба	3	3	48	0
кадрле	12	11	47	0
керегета	3	3	47	0
амбивалент	19	10	46	0
кетбұ	10	7	46	0
көзкөр	10	8	46	0
наркомпро	5	4	46	0
субстанционал	7	4	46	0
сулейма	3	3	46	0
тескента	4	4	46	0
антропоморф	13	6	45	0
жылкел	7	4	45	0
казахстанц	3	3	45	0
тайкелті	5	5	45	0
жылқайд	6	6	44	0
иконожаз	42	22	44	0
келмембе	3	3	44	0
страбо	4	3	44	0
әбдіғап	5	5	43	0
баяруна	6	5	43	0
дагеста	3	3	43	0
дәуітба	4	3	43	0
қаражіг	3	3	43	0
режиссерла	7	8	43	0
татья	3	3	43	0
концептуал	8	4	42	0
магоме	4	4	42	0
оразкел	8	5	42	0
тамерла	3	3	42	0
базбіре	11	9	41	0
жаскеле	7	7	41	0
имантайұ	3	3	41	0
киргизда	9	9	41	0
көзтүрт	9	4	41	0
күнәкә	5	5	41	0
лобно	8	7	40	0
мұхаме	3	3	40	0
қаражанба	3	3	39	0
қарамер	5	4	39	0
легитим	21	9	39	0
сейпілмә	13	8	39	0
хақназ	5	5	39	0
колонизато	18	10	38	0
нарманбе	3	3	38	0
сұлтанғаз	3	3	38	0
адамдік	7	4	37	0
гүлжауһ	8	9	37	0
қойгел	7	4	37	0
наманга	3	3	37	0
культте	9	7	36	0
кьеркего	5	5	36	0
начальниг	5	3	36	0
постмодернис	8	4	36	0
таскөмі	6	6	36	0
гауһарта	3	3	35	0
жаңабаты	5	5	35	0
келімбе	3	3	35	0
көксоқ	6	4	35	0
қайсібі	5	5	35	0
нарымбе	4	4	35	0
пакиста	5	4	35	0
пастьб	3	3	35	0
сатыпал	8	4	35	0
сейфүлмә	6	4	35	0
субстанциал	16	8	35	0
үкіба	3	3	35	0
ханкел	9	6	35	0
госпла	3	3	34	0
жұмсартыл	8	5	34	0
қаракеңгі	5	5	34	0
соссю	4	4	34	0
таджикиста	3	3	34	0
такежа	3	3	34	0
алдоңғ	5	5	33	0
килогра	3	3	33	0
құттымбе	4	4	33	0
македо	3	3	33	0
момышұл	5	3	33	0
мұғажы	21	14	33	0
симуляк	13	9	33	0
бескемпі	7	6	32	0
зороаст	6	5	32	0
көлқайн	6	6	32	0
мауреннах	8	8	32	0
мәлікаж	10	5	32	0
нармамбе	3	3	32	0
фундаментал	6	3	32	0
шолаққор	4	3	32	0
жоямер	5	4	31	0
казкрайко	6	5	31	0
конвенционал	12	5	31	0
қожамберд	5	5	31	0
ақтамберд	5	5	30	0
бесоқ	7	5	30	0
кертолға	7	5	30	0
советста	4	3	30	0
шендестіріл	6	6	30	0
ақсұқсы	6	6	29	0
аштарха	4	3	29	0
дискурсив	7	3	29	0
зеравша	4	3	29	0
құдайназ	4	4	29	0
тайбуры	4	4	29	0
уәлибақ	4	4	29	0
шұбарайғы	4	4	29	0
досмағамбе	3	3	28	0
кызметк	6	4	28	0
қарасоп	4	4	28	0
тұрымбе	3	3	28	0
ақкезе	5	5	27	0
әлмағамбе	3	3	27	0
григоря	3	3	27	0
жексемб	4	4	27	0
индивидуаль	8	4	27	0
кылмыске	4	4	27	0
маңсуал	6	4	27	0
парадоксал	11	4	27	0
священни	10	3	27	0
структуралис	12	6	27	0
сюнн	11	6	27	0
түптамы	7	6	27	0
шаһкә	6	6	27	0
шәкәрімта	9	5	27	0
басқалардік	7	4	26	0
бахадү	4	3	26	0
бұқареке	4	4	26	0
ғауазха	6	7	26	0
кайратке	4	3	26	0
мандельшта	3	3	26	0
мыңжылқ	3	3	26	0
новосібі	5	5	26	0
тәжриб	3	3	26	0
тәңіртек	10	6	26	0
тынышбайұ	4	3	26	0
ақтолқ	7	4	25	0
баймағанбе	3	3	25	0
бибіжа	4	3	25	0
бодле	4	4	25	0
джезказга	3	3	25	0
индустриал	6	3	25	0
исфаха	4	3	25	0
контрас	14	8	25	0
менанд	3	3	25	0
панисламис	8	4	25	0
петербу	6	6	25	0
пржевальски	3	3	25	0
пролетарийла	6	6	25	0
садуақасұ	3	3	25	0
сиуңн	8	5	25	0
жалмамбе	3	3	24	0
иконжаз	19	12	24	0
люциф	5	5	24	0
нұрқож	3	3	24	0
өтепбер	5	4	24	0
предици	32	12	24	0
протаго	3	3	24	0
сәрга	3	3	24	0
тілеуберд	4	4	24	0
ақтаңге	4	4	23	0
каузаль	7	3	23	0
көпқұ	5	4	23	0
көтібарұ	3	3	23	0
оразмағамбе	3	3	23	0
саршоқ	5	5	23	0
сарысоп	3	3	23	0
губисполко	5	4	22	0
жылгел	6	3	22	0
кроват	8	5	22	0
кутригу	12	7	22	0
малкел	6	3	22	0
меһірба	6	5	22	0
монологте	8	8	22	0
окружко	5	4	22	0
субьек	10	7	22	0
төңірекшы	6	6	22	0
үлімжіұ	4	3	22	0
ақтанке	4	4	21	0
бәймембе	3	3	21	0
бүрсікү	3	3	21	0
кальвинис	16	8	21	0
құнек	3	3	21	0
мәуреннах	7	7	21	0
орынтағ	5	3	21	0
орыстіл	8	3	21	0
сейітқаз	3	3	21	0
тұзбайы	4	4	21	0
хосро	4	4	21	0
шахтерла	6	6	21	0
шәріпха	4	3	21	0
экзистенциалис	8	4	21	0
альциаг	9	5	20	0
беломо	3	3	20	0
билікқұ	4	3	20	0
ғүма	3	3	20	0
дәулетия	3	3	20	0
драмтеа	5	5	20	0
жомоқ	11	6	20	0
жүзжа	4	4	20	0
кисловодскі	4	4	20	0
контрреволюционе	8	4	20	0
корифей	8	5	20	0
қойсой	7	4	20	0
латынамерика	3	3	20	0
манчжу	8	5	20	0
нарынқұ	4	4	20	0
одноаульц	4	4	20	0
оразмағанбе	3	3	20	0
райисполко	5	5	20	0
спиритуалис	6	3	20	0
түнға	4	4	20	0
шаһария	8	5	20	0
ақгвардия	12	6	19	0
ақжона	3	3	19	0
ардакүре	5	5	19	0
аюалпа	7	7	19	0
волисполко	4	3	19	0
гадаме	3	3	19	0
денешынық	3	3	19	0
дубски	3	3	19	0
жайтте	3	3	19	0
келімберд	3	3	19	0
қоқанлоқ	6	3	19	0
саудег	9	6	19	0
сыбызг	3	3	19	0
аллабер	4	3	18	0
бекқұ	5	4	18	0
бірмезет	10	5	18	0
есімжа	4	3	18	0
жүмеке	5	5	18	0
көкбоза	3	3	18	0
құдайбердіұл	6	4	18	0
мауараннах	5	5	18	0
мүғалі	3	3	18	0
оңғалбаевта	4	4	18	0
сарыкеңгі	3	3	18	0
субэтно	4	4	18	0
сұлушоқ	5	5	18	0
эксплицит	6	4	18	0
якобин	6	6	18	0
алкора	3	3	17	0
антиго	3	3	17	0
аримасп	5	3	17	0
әділқаз	3	3	17	0
бекбула	3	3	17	0
көкқамы	5	5	17	0
навуходоносо	3	3	17	0
новато	5	3	17	0
нұрымбе	3	3	17	0
өрбітіл	3	3	17	0
размағанбе	3	3	17	0
репрезентатив	8	4	17	0
секуля	3	3	17	0
семейта	4	4	17	0
сұлутө	4	4	17	0
тасқор	4	5	17	0
таспаке	6	6	17	0
тереңдетіл	6	3	17	0
тұрмағанбетұ	3	3	17	0
утригу	8	5	17	0
шаһмұра	3	3	17	0
шырайнал	5	3	17	0
этрускі	11	6	17	0
айғыркі	6	6	16	0
ахметта	10	6	16	0
досмұхамбетовте	3	3	16	0
жертараб	6	5	16	0
жетіқоңы	4	4	16	0
қанышай	4	4	16	0
митрида	3	3	16	0
некаһла	6	5	16	0
объективтендіріл	3	3	16	0
парламентарийла	5	5	16	0
ротмист	5	5	16	0
сарышоқ	4	4	16	0
символис	6	3	16	0
социолек	14	8	16	0
тілепбер	5	4	16	0
усуньде	5	5	16	0
үлигээ	13	8	16	0
адамдардік	5	3	15	0
арамқатқы	4	3	15	0
белқұ	5	5	15	0
бөтента	6	6	15	0
қаражүз	9	4	15	0
қобылеке	3	3	15	0
лениного	3	3	15	0
меңдісұл	3	3	15	0
нұрмамбе	3	3	15	0
олардік	5	3	15	0
протокосмо	3	3	15	0
садвака	4	3	15	0
сәменбе	3	3	15	0
сингуля	10	6	15	0
согдиа	4	3	15	0
сойылсоғ	10	6	15	0
сөзқұ	9	4	15	0
тобеке	3	3	15	0
түнқа	3	3	15	0
фототіл	7	4	15	0
хасанха	5	4	15	0
штуце	6	5	15	0
ауыздыба	3	3	14	0
әбілсей	3	3	14	0
байқоз	3	3	14	0
глосте	6	5	14	0
ғажапла	4	3	14	0
жамһү	6	7	14	0
керуенба	4	3	14	0
конфессионал	6	3	14	0
қарагөзай	4	4	14	0
құдайбе	3	3	14	0
қылшылбы	4	4	14	0
литфон	5	5	14	0
мажиқы	4	4	14	0
номиналис	6	3	14	0
өзімбілем	9	5	14	0
петрашев	7	5	14	0
сыпайге	7	3	14	0
таңшеб	6	6	14	0
тапжылт	6	3	14	0
туындатыл	4	4	14	0
тілқайс	10	7	14	0
фағфу	4	4	14	0
хамзеке	4	4	14	0
янцз	3	3	14	0
адамила	4	4	13	0
бегунц	3	3	13	0
бибіаж	4	4	13	0
борсыққұ	4	4	13	0
бурылта	3	3	13	0
даңдайс	3	3	13	0
джейра	3	3	13	0
досмұхамедовте	4	4	13	0
есілдерт	5	4	13	0
жандыбаты	6	6	13	0
жансүгі	3	3	13	0
жөпшеңк	3	3	13	0
импералис	6	3	13	0
инквизито	9	6	13	0
каттақор	6	4	13	0
комунис	6	3	13	0
көкқайқ	6	6	13	0
қаракү	3	3	13	0
қызылшоқ	3	3	13	0
мейрамсоп	4	4	13	0
неғылде	4	4	13	0
парахо	5	4	13	0
пиетис	12	6	13	0
пурурава	3	3	13	0
піркәз	7	5	13	0
снайпе	6	5	13	0
сувени	9	6	13	0
тәккап	5	3	13	0
телқоз	3	3	13	0
түрікта	3	3	13	0
франграсйа	4	3	13	0
челябинс	9	5	13	0
абсолюттендіріл	6	3	12	0
анабаптис	8	4	12	0
аюдә	3	3	12	0
байшоқ	5	5	12	0
бьярту	6	6	12	0
ворука	3	3	12	0
вухуа	7	6	12	0
дорбанқо	6	6	12	0
дуньхуа	5	4	12	0
есқаз	3	3	12	0
жасағанбер	5	4	12	0
концептуаль	7	3	12	0
қантамы	6	4	12	0
қаніпез	4	3	12	0
қожамсүгі	3	3	12	0
құймышағ	6	4	12	0
лабрюйе	3	3	12	0
мәуераннах	5	5	12	0
мырзағалиұ	3	3	12	0
полицмейст	5	5	12	0
референциал	12	5	12	0
сеперато	3	3	12	0
тегінбо	6	3	12	0
трансфе	10	6	12	0
трансцедент	8	3	12	0
функционалис	10	5	12	0
хасіре	3	3	12	0
шинжия	4	4	12	0
адамже	4	3	11	0
акцидент	7	3	11	0
аламбе	3	3	11	0
анаксиманд	3	3	11	0
әзтемі	4	4	11	0
әліжап	3	3	11	0
богдыха	4	4	11	0
децемви	6	3	11	0
евангелис	6	3	11	0
жалмағамбе	3	3	11	0
жұмабайұл	5	3	11	0
замог	6	4	11	0
игельстро	3	3	11	0
иллирия	5	4	11	0
имамбе	4	3	11	0
камердин	3	3	11	0
келісіңкіре	5	3	11	0
коррелятив	5	3	11	0
көзтарт	5	3	11	0
көпнұсқа	8	5	11	0
крюге	3	3	11	0
қарымсақұ	3	3	11	0
қауыпте	3	3	11	0
қоблеке	4	4	11	0
қонтайж	3	3	11	0
қоңыркөк	3	3	11	0
мархұ	4	3	11	0
маһимәнза	5	5	11	0
миһіра	5	5	11	0
мінайд	3	3	11	0
облисполко	3	3	11	0
протоболг	6	4	11	0
сибревко	3	3	11	0
төнкері	3	3	11	0
туркестанц	3	3	11	0
тюленгут	4	4	11	0
фарсизм	8	4	11	0
фаһимда	5	4	11	0
херсоне	3	3	11	0
ыждиһа	3	3	11	0
яныч	6	3	11	0
абгальде	3	3	10	0
апостерио	3	3	10	0
арғымер	3	3	10	0
атанепе	3	3	10	0
балжыңге	4	4	10	0
бәйгето	3	3	10	0
гүлдарай	5	5	10	0
диапозо	4	3	10	0
диоску	5	3	10	0
дунхуа	3	3	10	0
ділбига	3	5	10	0
жамбылбе	5	5	10	0
жаңжұ	3	3	10	0
квазитрансценденті	9	5	10	0
концлаге	3	3	10	0
көпқабат	5	3	10	0
кулпыта	4	3	10	0
қанқақса	5	4	10	0
мухаметжа	3	3	10	0
онбі	3	3	10	0
өрікайд	5	5	10	0
подьез	10	4	10	0
салютте	4	4	10	0
сәмембе	3	3	10	0
сейдеке	4	4	10	0
сепарато	3	3	10	0
сералыұ	3	3	10	0
синдикалис	8	4	10	0
солардік	5	3	10	0
сөзжаса	3	3	10	0
судысалпа	3	3	10	0
сыпайыге	5	3	10	0
тагаво	3	3	10	0
тоталитарис	8	4	10	0
троцкис	8	4	10	0
тілепал	6	3	10	0
уәлиқыз	4	3	10	0
физиократ	6	3	10	0
хулига	3	3	10	0
хұнтай	5	5	10	0
чжурчжэнде	5	5	10	0
шамырығ	4	3	10	0
шәмһү	5	5	10	0
шлюзде	4	4	10	0
шөгүнке	6	5	10	0
ықтиба	3	5	10	0
ішімдікхана	6	5	10	0
экспре	3	3	10	0
язидл	5	5	10	0
аймауытұл	8	4	9	0
ақбелбе	4	3	9	0
антихрис	8	3	9	0
арзрум	4	3	9	0
аткө	4	4	9	0
ахметұл	5	3	9	0
балкүм	3	3	9	0
гуанчжо	3	3	9	0
дәулетжа	3	3	9	0
діндәрла	3	3	9	0
имамқұ	3	3	9	0
иоаннит	6	3	9	0
карасака	3	3	9	0
конкистадо	6	3	9	0
көкшалғ	5	3	9	0
күйгента	4	4	9	0
кішмү	4	4	9	0
қайсеке	3	3	9	0
ламбе	3	3	9	0
лиценциа	3	3	9	0
мақтұмқұ	3	3	9	0
мауараннаһ	4	4	9	0
маузапа	4	3	9	0
мауренах	3	3	9	0
мәнсапқо	5	4	9	0
оқығансы	7	4	9	0
партияқо	5	3	9	0
патрицийла	3	3	9	0
симбирс	5	3	9	0
славянофиль	6	3	9	0
таудыталпа	3	3	9	0
таушелек	7	3	9	0
тәңірімберд	4	4	9	0
телерадиокомпания	4	4	9	0
теңірег	4	3	9	0
технопаркте	4	4	9	0
түпсана	5	4	9	0
ұланбаты	3	3	9	0
чужеродц	3	3	9	0
эмбанеф	3	3	9	0
азбанке	4	4	8	0
айгайта	4	3	8	0
айтқұрма	4	3	8	0
альбигой	6	3	8	0
антропофагия	3	3	8	0
баймәмбе	3	3	8	0
бітікта	4	4	8	0
генеалог	6	3	8	0
гетерономия	3	3	8	0
гунве	4	4	8	0
ғазнафі	4	4	8	0
ғұбеке	3	3	8	0
дұңхуа	3	3	8	0
желкүре	4	4	8	0
жетімқоз	3	3	8	0
жүйелендіріл	3	3	8	0
заттандырыл	3	3	8	0
каббалис	6	3	8	0
каллисфе	4	3	8	0
кәріжа	4	4	8	0
квазитрансцендент	7	4	8	0
кокуно	4	4	8	0
көкдауы	3	3	8	0
көкқайн	3	3	8	0
көктәңі	3	3	8	0
крепос	7	4	8	0
күншуағ	5	3	8	0
кішіқұ	3	3	8	0
қөзқара	4	3	8	0
мадбери	4	4	8	0
малбе	9	3	8	0
мәуреннаһ	3	3	8	0
мыңтемі	3	3	8	0
наркомзе	4	3	8	0
нормашығарма	7	4	8	0
нуртаз	3	3	8	0
онтүс	9	4	8	0
отпанта	3	3	8	0
петрозаводскі	3	3	8	0
пиәңкеш	7	3	8	0
планши	4	4	8	0
полихро	4	3	8	0
порымдал	6	3	8	0
приказчиг	5	3	8	0
пышауы	4	4	8	0
пікірта	4	3	8	0
раблета	5	4	8	0
рахымберд	3	3	8	0
самандү	4	4	8	0
сартеке	3	3	8	0
сарыөле	3	3	8	0
сарышегі	4	4	8	0
семиотизация	7	4	8	0
сиванм	3	3	8	0
сұркү	8	4	8	0
сүдігі	3	3	8	0
таирулмә	7	4	8	0
тайшұб	3	3	8	0
танзима	3	3	8	0
тохариста	4	3	8	0
тулытемі	4	4	8	0
тұрмағамбетұ	3	3	8	0
ұтымдандырыл	4	4	8	0
үмбетия	3	3	8	0
хорлыжа	5	4	8	0
шанбілбел	6	3	8	0
шауке	3	3	8	0
шәмсінұ	4	4	8	0
шиңжия	4	4	8	0
ісқағаз	6	3	8	0
ьіңғай	3	3	8	0
эпифания	3	3	8	0
эполе	3	3	8	0
эраншах	4	4	8	0
якутскі	3	3	8	0
ақтанберд	3	3	7	0
асқақтатыл	3	3	7	0
аутентика	5	3	7	0
әжіғы	3	3	7	0
біздердік	5	3	7	0
видевда	3	3	7	0
ганело	3	3	7	0
гоплит	7	3	7	0
губревко	4	3	7	0
ғайрила	3	3	7	0
детермин	5	3	7	0
жанкүм	3	3	7	0
жуасытыл	3	3	7	0
иконос	10	3	7	0
индивидта	3	3	7	0
кейхұсра	3	3	7	0
кеңмәтін	5	3	7	0
көгесе	3	3	7	0
көпбейне	5	3	7	0
көпмән	6	3	7	0
көрініңкіре	3	3	7	0
қылбелбе	3	3	7	0
ляудұ	3	3	7	0
мабуфа	3	3	7	0
меннонит	6	3	7	0
мылқайд	3	3	7	0
некахл	3	3	7	0
ниппу	3	3	7	0
өмірна	5	3	7	0
өміртаным	5	3	7	0
патшахан	3	3	7	0
петірбо	3	3	7	0
плюрал	7	3	7	0
подольскі	3	3	7	0
сарыдә	3	3	7	0
сарытауқұ	3	3	7	0
славянта	6	3	7	0
слейпни	3	3	7	0
спидоме	3	3	7	0
тасшоқ	3	3	7	0
тәжбақ	3	3	7	0
тоқбе	3	3	7	0
торвальдсен	3	3	7	0
трәкті	3	3	7	0
түркітек	8	3	7	0
уранид	6	3	7	0
утилитарис	6	3	7	0
ұзынсай	4	3	7	0
хайдег	4	3	7	0
христология	3	3	7	0
шәмбілбел	8	3	7	0
шөлпіл	3	3	7	0
ықшамаудан	3	3	7	0
элиминация	3	3	7	0
эндоге	4	3	7	0
айғайқұ	3	3	6	0
арменста	4	3	6	0
байсалқыз	4	3	6	0
бейұй	3	3	6	0
бекжара	3	3	6	0
ботакөзай	3	3	6	0
бұланжіг	3	3	6	0
ваступур	3	3	6	0
гернгуте	5	3	6	0
гомоорта	3	3	6	0
гуажо	3	3	6	0
ғаріпла	4	3	6	0
дақиянұ	3	3	6	0
дәрһә	4	3	6	0
девонши	3	3	6	0
джаксыба	3	3	6	0
дискриптив	6	3	6	0
днепропетровскі	3	3	6	0
ертұрма	4	3	6	0
жусандала	3	3	6	0
зәузәмі	3	3	6	0
идеолингвистика	3	3	6	0
инсургент	6	3	6	0
интеллигибел	8	3	6	0
иоркши	3	3	6	0
иррелевант	7	3	6	0
истиха	3	3	6	0
квазиметафора	6	3	6	0
кеңестендіріл	3	3	6	0
конструк	6	3	6	0
конформис	8	3	6	0
кошеуа	3	3	6	0
көктұлп	3	3	6	0
күлшаһ	3	3	6	0
кінәзда	3	3	6	0
қағанақба	3	3	6	0
қасқырдік	5	3	6	0
қәдірха	4	3	6	0
қожанұл	5	3	6	0
қосшықұл	6	3	6	0
қызжире	4	3	6	0
ликургте	3	3	6	0
майшек	3	3	6	0
мәликеба	3	3	6	0
мәтрөш	6	3	6	0
мессиан	5	3	6	0
метадеңгей	4	3	6	0
метапарадигма	5	3	6	0
момынғол	8	3	6	0
муфаккиһ	7	3	6	0
мухажи	3	3	6	0
мырзағалиұл	6	3	6	0
намұрұ	3	3	6	0
неокант	4	3	6	0
нушеби	6	3	6	0
оперсекто	3	3	6	0
орхестра	3	3	6	0
пархиза	3	3	6	0
парцелла	5	3	6	0
перфорато	3	3	6	0
превент	3	3	6	0
профко	3	3	6	0
раблезиан	5	3	6	0
райцент	4	3	6	0
сентимент	5	3	6	0
сеңгірта	3	3	6	0
скальпте	3	3	6	0
суланжа	3	3	6	0
талданыл	6	3	6	0
тарадайке	4	3	6	0
таһирда	3	3	6	0
текрада	4	3	6	0
тележә	5	3	6	0
темпорал	6	3	6	0
тесікба	4	3	6	0
травессия	6	3	6	0
тілгәрә	4	3	6	0
тьяма	3	3	6	0
утиредсмири	4	3	6	0
фарұхза	3	3	6	0
феномента	3	3	6	0
фиранкте	3	3	6	0
фолкло	3	3	6	0
фраваш	6	3	6	0
фулұижиа	3	3	6	0
читлек	7	3	6	0
шамшиба	3	3	6	0
шаһидла	3	3	6	0
шерқуа	3	3	6	0
шиңжиа	3	3	6	0
шөкама	3	3	6	0
эвере	3	3	6	0
экзекуция	4	3	6	0
