# given	admitted	docs_given	docs_admitted — Russian-document spellings
# replaced by the Kazakh spelling the books show people writing
абдеш	әбдеш	3	19
абдибеков	әбдібеков	0	4
абдигалиев	әбдіғалиев	0	4
абдигани	әбдіғани	0	3
абдикадыров	әбдіқадыров	2	25
абдикерим	әбдікерім	0	29
абдилда	әбділда	10	146
абдимурат	әбдімұрат	0	7
абдиразаков	әбдіразақов	0	26
абдираманов	әбдіраманов	0	6
абдирахим	әбдірахим	0	4
абдирахманов	әбдірахманов	2	49
абдиров	әбдіров	6	29
абен	әбен	6	81
абенов	әбенов	8	49
абжаппар	әбжаппар	0	3
абикен	әбікен	0	37
абилбек	әбілбек	0	9
абилда	әбілда	0	16
абилжан	әбілжан	0	6
абилкасымов	әбілқасымов	2	17
абилмансур	әбілмансұр	0	58
абилов	әбілов	4	22
абилтай	әбілтай	0	12
абилхайыр	әбілхайыр	0	99
абиш	әбіш	59	266
абсадык	әбсадық	0	3
абсаттар	әбсаттар	2	21
абсеметов	әбсеметов	0	4
абугали	абуғали	0	3
агайша	ағайша	0	8
агжан	ағжан	0	9
агила	ағила	0	4
агыбай	ағыбай	4	81
адилбаев	әділбаев	0	10
адилбай	әділбай	0	14
адилбек	әділбек	0	69
адилбеков	әділбеков	0	8
адилов	әділов	6	33
адилханов	әділханов	0	10
ажибек	әжібек	0	15
азимбай	әзімбай	4	64
азимбек	әзімбек	0	7
азимхан	әзімхан	8	33
айганым	айғаным	3	41
айгулим	айгүлім	0	6
айкоркем	айкөркем	0	3
айкыз	айқыз	0	10
аймагамбетов	аймағамбетов	2	9
айнамкоз	айнамкөз	0	20
айсултан	айсұлтан	0	8
айтказин	айтқазин	0	5
айткалиев	айтқалиев	0	3
айткожа	айтқожа	0	32
айткул	айтқұл	0	29
айтмагамбет	айтмағамбет	0	6
айтмаганбет	айтмағанбет	0	11
айтмухамбет	айтмұхамбет	0	6
айтмуханбет	айтмұханбет	0	3
айтолкын	айтолқын	0	18
айторе	айтөре	0	4
айымкул	айымкүл	0	7
акадил	ақәділ	0	7
акалтын	ақалтын	0	3
аканов	ақанов	0	4
акансери	ақансері	0	6
акару	ақару	0	3
акарыс	ақарыс	0	43
акатай	ақатай	0	24
акбаев	ақбаев	9	41
акбаян	ақбаян	0	5
акберген	ақберген	3	18
акбиби	ақбибі	0	15
акбике	ақбике	0	8
акбобек	ақбөбек	3	49
акбопе	ақбөпе	0	23
акдаулет	ақдәулет	0	13
акдидар	ақдидар	0	3
акерке	ақерке	3	18
акжайык	ақжайық	0	44
акжамал	ақжамал	0	6
акжунис	ақжүніс	0	60
акзер	ақзер	2	12
акзира	ақзира	0	3
акимбай	әкімбай	2	8
акимбек	әкімбек	0	24
акимжан	әкімжан	0	8
акимхан	әкімхан	0	4
аккали	аққали	0	7
аккенже	ақкенже	3	21
аккербез	ақкербез	0	4
аккумис	ақкүміс	0	10
акмаржан	ақмаржан	0	15
акмоншак	ақмоншақ	2	38
акнур	ақнұр	0	6
аксай	ақсай	10	111
аксауле	ақсәуле	0	11
аксулу	ақсұлу	2	29
актаев	ақтаев	3	12
актолкын	ақтолқын	0	17
акторе	ақтөре	0	11
актоты	ақтоты	4	17
акуштап	ақұштап	3	18
акшабаев	ақшабаев	0	10
акшолаков	ақшолақов	2	18
акшолпан	ақшолпан	0	33
акылбеков	ақылбеков	0	7
акышев	ақышев	3	39
алгазы	алғазы	0	12
алдонгар	алдоңғар	3	24
алжанов	әлжанов	3	35
алибаев	әлібаев	4	27
алибай	әлібай	7	31
алибек	әлібек	15	157
алижан	әлижан	0	3
алимбаев	әлімбаев	11	54
алимбай	әлімбай	6	45
алимбек	әлімбек	3	32
алимбет	әлімбет	0	22
алимбетов	әлімбетов	4	21
алимгазы	әлімғазы	0	7
алимхан	әлімхан	5	50
алипбаев	әліпбаев	0	3
алипбай	әліпбай	0	9
алипбек	әліпбек	0	7
алкен	әлкен	0	9
алкуат	әлқуат	2	17
алмагул	алмагүл	2	17
алмурат	әлмұрат	0	8
алтынгул	алтынгүл	0	7
амангалиев	аманғалиев	2	9
амандыков	амандықов	3	15
аманкелди	аманкелді	0	120
аманкос	аманқос	6	36
аманкул	аманқұл	2	23
амантурлы	амантұрлы	0	17
амзе	әмзе	0	29
амирбай	әмірбай	0	3
амирбеков	әмірбеков	0	6
амиргали	әмірғали	0	6
амиржан	әміржан	4	32
амиржанов	әміржанов	0	5
амиртай	әміртай	0	6
амирхан	әмірхан	4	52
амирханов	әмірханов	2	9
анел	әнел	0	9
анет	әнет	9	92
анипа	әнипа	2	12
ания	әния	0	5
ансаганым	аңсағаным	0	48
ануарбек	әнуарбек	2	56
аргынбай	арғынбай	2	39
аргынбек	арғынбек	0	9
арипжан	әріпжан	0	12
аркабай	арқабай	2	10
арнур	арнұр	0	6
артыкбаев	артықбаев	3	17
арыкбаев	арықбаев	0	8
асанали	асанәлі	4	24
аселим	әселім	0	9
аселхан	әселхан	0	7
асембек	әсембек	0	7
асемкул	әсемкүл	0	3
асилхан	әсілхан	0	3
аскарбек	асқарбек	0	7
аскаров	асқаров	10	45
аскат	асқат	0	14
аскербек	әскербек	2	15
асылгул	асылгүл	0	4
атиркул	әтіркүл	0	4
аубакир	әубәкір	12	106
аубакиров	әубәкіров	6	34
ауезхан	әуезхан	0	23
ауелбек	әуелбек	2	36
ауелбеков	әуелбеков	0	9
ауелхан	әуелхан	0	6
ауесхан	әуесхан	0	8
аукен	әукен	0	9
ахметали	ахметәлі	0	3
ахметкали	ахметқали	0	18
ахметкалиев	ахметқалиев	0	3
ашимбек	әшімбек	0	8
ашимов	әшімов	7	35
ашимхан	әшімхан	0	8
аширбай	әшірбай	0	5
аширбек	әшірбек	0	30
аширкул	әшіркүл	0	4
аширхан	әшірхан	0	4
аягоз	аягөз	4	139
багдагул	бағдагүл	0	5
багжан	бағжан	0	3
багытжан	бағытжан	0	6
базаркул	базарқұл	0	18
байгабыл	байғабыл	4	36
байгалиев	байғалиев	3	20
байдилдаев	байділдаев	0	25
байжума	байжұма	3	28
байзаков	байзақов	18	76
байкадам	байқадам	7	48
баймаганбетов	баймағанбетов	0	10
байтурсын	байтұрсын	2	27
байтурсынов	байтұрсынов	27	198
байузак	байұзақ	2	25
бакберген	бақберген	0	13
бакдаулет	бақдәулет	0	19
бакен	бәкең	7	79
бактыбаев	бақтыбаев	0	9
бактыгали	бақтығали	3	13
бактыгереев	бақтыгереев	0	6
бактыгерей	бақтыгерей	0	15
бакшагул	бақшагүл	0	4
бакытжамал	бақытжамал	2	10
бакытжанов	бақытжанов	0	3
бакыткерей	бақыткерей	0	11
бакыткул	бақыткүл	0	5
бакытов	бақытов	0	3
бакытхан	бақытхан	0	4
балгабай	балғабай	2	19
балгерим	балгерім	0	4
балгынбек	балғынбек	0	4
балдаурен	балдәурен	4	28
балкия	балқия	4	29
балкумис	балкүміс	0	5
балкыбек	балқыбек	4	25
балнур	балнұр	0	4
баршагул	баршагүл	0	14
батима	бәтима	18	96
батыргали	батырғали	0	5
баянгали	баянғали	0	6
бегим	бегім	8	123
бегимбет	бегімбет	2	37
бейсенали	бейсенәлі	0	3
бейсенгали	бейсенғали	0	15
бекали	бекәлі	0	5
беккожа	бекқожа	0	29
бекмагамбетов	бекмағамбетов	2	12
бекмухаммед	бекмұхаммед	0	10
бекнур	бекнұр	0	3
бектуров	бектұров	7	32
бектурсынов	бектұрсынов	0	5
белгибаев	белгібаев	0	4
бердаулет	бердәулет	0	22
бердибаев	бердібаев	2	70
бердибай	бердібай	3	54
бердибеков	бердібеков	0	9
бердигали	бердіғали	0	12
бердикул	бердіқұл	0	13
бердихан	бердіхан	4	19
берикбаев	берікбаев	0	3
берикбол	берікбол	2	19
берикжан	берікжан	0	8
берикхан	берікхан	0	3
беркимбай	беркімбай	0	9
беркинбай	беркінбай	0	4
бибиажар	бибіажар	0	5
бибижан	бибіжан	0	17
бибихан	бибіхан	0	4
бигазы	биғазы	0	5
бигайша	биғайша	0	26
бижигит	бижігіт	0	3
бисенгалиев	бисенғалиев	2	10
бисултан	бисұлтан	0	4
богенбай	бөгенбай	14	211
бокейхан	бөкейхан	0	51
бокенбай	бөкенбай	5	82
бокенов	бөкенов	0	3
болаткан	болатқан	0	6
болекбаев	бөлекбаев	0	17
болекбай	бөлекбай	2	40
боранкул	боранқұл	2	28
буркитбаев	бүркітбаев	3	20
буркитбай	бүркітбай	2	45
бухарбаев	бұхарбаев	0	5
бухарбай	бұхарбай	4	17
габдолла	ғабдолла	5	99
габидолла	ғабидолла	0	10
габитов	ғабитов	0	28
гадилбек	ғаділбек	2	12
гайни	ғайни	2	46
гайникамал	ғайникамал	0	5
гайша	ғайша	4	49
галижан	ғалижан	0	5
галия	ғалия	27	120
галымжанов	ғалымжанов	0	4
галымов	ғалымов	0	6
гулайим	гүләйім	0	9
гулбарам	гүлбарам	0	6
гулбаршын	гүлбаршын	2	56
гулдарига	гүлдариға	0	4
гулдаурен	гүлдәурен	0	4
гулдерайым	гүлдерайым	0	8
гулжан	гүлжан	0	77
гулжанат	гүлжанат	0	5
гулзат	гүлзат	0	13
гулзина	гүлзина	0	4
гулзира	гүлзира	0	6
гулзия	гүлзия	0	7
гулимай	гүлімай	0	3
гулназия	гүлназия	0	3
гулнар	гүлнәр	3	36
гулсим	гүлсім	0	73
далелхан	дәлелхан	0	20
дамегул	дәмегүл	0	4
дамежан	дәмежан	0	15
даметкен	дәметкен	5	173
дамеш	дәмеш	4	47
дарибаев	дәрібаев	0	6
даукен	дәукен	2	9
даулетбек	дәулетбек	0	22
даулетжан	дәулетжан	0	5
даулетияр	дәулетияр	3	12
даулеткали	дәулетқали	0	9
даулеткерей	дәулеткерей	6	68
даулетхан	дәулетхан	0	14
дауренбек	дәуренбек	0	12
дауренбеков	дәуренбеков	2	11
дилмурат	ділмұрат	0	4
динислам	дінислам	0	4
динмухамед	дінмұхамед	6	47
динмухамет	дінмұхамет	0	5
динмухаммед	дінмұхаммед	3	22
динмуханбет	дінмұханбет	0	3
доскали	досқали	0	6
досмухамед	досмұхамед	0	7
дузелбай	дүзелбай	0	6
дуйсебаев	дүйсебаев	0	20
дуйсебай	дүйсебай	0	10
дуйсебек	дүйсебек	0	3
дуйсембаев	дүйсембаев	2	11
дуйсембай	дүйсембай	2	16
дуйсембек	дүйсембек	0	8
дуйсенбаев	дүйсенбаев	8	84
дуйсенбай	дүйсенбай	3	70
дуйсенбек	дүйсенбек	2	33
дуйсенбеков	дүйсенбеков	0	7
дуйсенгали	дүйсенғали	4	16
дуйсенгалиев	дүйсенғалиев	0	10
дуйсенкул	дүйсенкүл	0	3
дуйсенов	дүйсенов	4	42
дуйсенхан	дүйсенхан	0	4
егемберди	егемберді	0	5
егизбаев	егізбаев	0	8
егинбай	егінбай	3	12
едилбаев	еділбаев	0	6
едилбай	еділбай	0	39
едилжан	еділжан	0	4
едилов	еділов	2	9
едилхан	еділхан	0	7
елеусин	елеусін	0	18
елеусинов	елеусінов	2	9
еликбай	елікбай	0	5
енсебаев	еңсебаев	0	3
ерали	ерәлі	2	15
ергалиев	ерғалиев	19	79
еримбетов	ерімбетов	0	6
еркегали	еркеғали	2	25
еркегул	еркегүл	0	4
еркинбай	еркінбай	0	13
еркинбек	еркінбек	0	22
еркинбеков	еркінбеков	0	6
еркинов	еркінов	0	5
еркожа	ерқожа	0	10
еркосай	ерқосай	0	8
ермагамбет	ермағамбет	2	19
ермаганбет	ермағанбет	0	9
ермеккали	ермекқали	0	4
ермукан	ермұқан	0	16
ермурат	ермұрат	0	7
ермухамбет	ермұхамбет	0	3
ермухаммед	ермұхаммед	0	3
ермухан	ермұхан	0	22
ермуханбет	ермұханбет	0	5
ерсултан	ерсұлтан	0	4
ертаргын	ертарғын	2	10
есенали	есенәлі	0	17
есенгазы	есенғазы	0	4
есенгали	есенғали	3	69
есенгелди	есенгелді	0	60
есенкелди	есенкелді	0	42
есенкул	есенқұл	0	50
есимжан	есімжан	0	12
есимхан	есімхан	0	29
есимханов	есімханов	0	4
есиркеп	есіркеп	4	270
есиркепов	есіркепов	0	11
ескалиев	есқалиев	3	23
жагыпаров	жағыпаров	0	3
жайнагул	жайнагүл	0	3
жакаев	жақаев	2	21
жаканов	жақанов	4	17
жакеев	жәкеев	0	4
жакен	жәкен	6	32
жакенов	жәкенов	0	3
жаксыбаев	жақсыбаев	2	14
жаксыбек	жақсыбек	2	18
жаксыбеков	жақсыбеков	0	5
жаксыгали	жақсығали	0	5
жаксымурат	жақсымұрат	0	3
жакыпбек	жақыпбек	0	29
жакыпбеков	жақыпбеков	0	9
жакыпов	жақыпов	0	42
жалгасбаев	жалғасбаев	3	20
жалгасбай	жалғасбай	0	18
жанаберген	жаңаберген	2	8
жанадил	жанәділ	0	8
жанали	жанәлі	0	8
жанбиби	жанбибі	0	20
жанбырбаев	жаңбырбаев	3	13
жанбырбай	жаңбырбай	4	26
жангазы	жанғазы	4	26
жангалиев	жанғалиев	0	11
жангирхан	жәңгірхан	2	15
жандаулет	жандәулет	0	6
жанжигит	жанжігіт	2	41
жанибеков	жәнібеков	4	43
жанкелди	жанкелді	0	14
жанкожа	жанқожа	4	55
жансерик	жансерік	2	16
жансулу	жансұлу	2	11
жанторе	жантөре	3	44
жанузаков	жанұзақов	6	37
жанылай	жаңылай	0	5
жанылдык	жаңылдық	0	25
жанылсын	жаңылсын	0	22
жаркынай	жарқынай	0	5
жаркынбай	жарқынбай	0	16
жаркынбек	жарқынбек	0	6
жармухамедов	жармұхамедов	3	15
жарылгап	жарылғап	6	72
женисбай	жеңісбай	0	7
женисбек	жеңісбек	0	7
женисхан	жеңісхан	0	10
жетибаев	жетібаев	0	7
жетписбаев	жетпісбаев	3	22
жетписбай	жетпісбай	5	37
жолдаскали	жолдасқали	3	23
жубанов	жұбанов	31	124
жубатканов	жұбатқанов	0	5
жузбаев	жүзбаев	2	9
жулдызбек	жұлдызбек	0	3
жулдызхан	жұлдызхан	0	7
жумабаев	жұмабаев	20	222
жумабай	жұмабай	12	123
жумабек	жұмабек	5	84
жумагазиев	жұмағазиев	0	6
жумагазин	жұмағазин	0	5
жумагазы	жұмағазы	2	17
жумагали	жұмағали	29	116
жумагалиев	жұмағалиев	17	75
жумагелди	жұмагелді	0	9
жумагул	жұмағұл	5	73
жумадил	жұмаділ	2	22
жумадилда	жұмаділда	0	3
жумадилдаев	жұмаділдаев	0	12
жумадилов	жұмаділов	3	43
жумажан	жұмажан	6	40
жумакан	жұмақан	2	27
жумаканов	жұмақанов	0	5
жумакул	жұмақұл	0	7
жумалиев	жұмалиев	8	102
жумалы	жұмалы	2	16
жумамурат	жұмамұрат	0	5
жуманазар	жұманазар	0	4
жуманов	жұманов	0	13
жуматаев	жұматаев	0	7
жуматай	жұматай	4	90
жуматов	жұматов	2	13
жумахан	жұмахан	4	38
жумаханов	жұмаханов	0	9
жумахмет	жұмахмет	0	3
жумаш	жұмаш	8	63
жумашев	жұмашев	4	16
жумашов	жұмашов	0	4
жунисбек	жүнісбек	2	22
жунисбеков	жүнісбеков	0	7
жунисов	жүнісов	6	62
жусипбек	жүсіпбек	6	215
жусипбеков	жүсіпбеков	0	12
жусипов	жүсіпов	0	65
жылкайдар	жылқайдар	2	26
жылкыбаев	жылқыбаев	0	10
жылкыбай	жылқыбай	4	60
замзагул	зәмзәгүл	0	12
зауреш	зәуреш	7	44
зулпыхар	зұлпыхар	0	5
игиликов	игіліков	0	9
игисинов	игісінов	0	3
идирис	ідіріс	2	15
идирисов	ідірісов	0	3
избасаров	ізбасаров	2	13
избаскан	ізбасқан	0	6
изберген	ізберген	2	8
изгали	ізғали	0	5
изтилеуов	ізтілеуов	2	31
изтурган	ізтұрған	6	25
илесбай	ілесбай	0	4
илиясов	ілиясов	2	20
имангали	иманғали	7	62
иманкул	иманқұл	0	18
иргебай	іргебай	0	11
исагали	исағали	0	4
искендир	іскендір	2	34
исламгали	исламғали	0	7
кабден	қабден	2	14
кабдолла	қабдолла	0	23
кабдолов	қабдолов	9	83
кабдыгали	қабдығали	0	3
кабиболла	қабиболла	3	52
кабиден	қабиден	0	5
кабидолла	қабидолла	0	5
кабиев	қабиев	0	7
каблан	қаблан	0	21
кабыкен	қабыкен	2	11
кабылбек	қабылбек	0	26
кадирбек	қадірбек	0	13
кадиша	қадиша	5	90
кадырали	қадырәлі	0	4
кадыргали	қадырғали	4	63
кадыржанов	қадыржанов	0	5
кадырхан	қадырхан	3	12
кажыгали	қажығали	0	16
кажымукан	қажымұқан	0	75
кажымухан	қажымұхан	0	3
казез	қазез	0	5
казиза	қазиза	0	3
казтай	қазтай	0	7
казыбек	қазыбек	26	268
казыбеков	қазыбеков	3	14
кайдаров	қайдаров	5	20
кайролла	қайролла	5	36
кайса	қайса	4	21
кайсенов	қайсенов	4	27
кайша	қайша	0	26
кайырбаев	қайырбаев	0	4
кайырбай	қайырбай	0	22
кайырбеков	қайырбеков	5	44
кайыргалиев	қайырғалиев	0	4
кайыржанов	қайыржанов	0	3
кайыров	қайыров	0	8
кайырхан	қайырхан	0	16
какен	кәкен	3	28
калабай	қалабай	4	35
калдан	қалдан	5	95
калдар	қалдар	0	16
калдыбаев	қалдыбаев	5	24
калдыбек	қалдыбек	3	27
калдыкыз	қалдықыз	0	5
калел	қалел	0	21
кален	қален	3	21
калжан	қалжан	2	31
калиаскар	қалиасқар	0	6
калиаскаров	қалиасқаров	0	3
калибек	қалибек	7	48
калида	қалида	0	4
калиев	қалиев	13	74
калижан	қалижан	10	63
калимаш	қалимаш	0	5
калиолла	қалиолла	0	8
калипа	қалипа	0	31
калмаганбетов	қалмағанбетов	0	4
калмахан	қалмахан	0	5
калмурат	қалмұрат	0	9
калмырза	қалмырза	0	23
калымбетов	қалымбетов	2	8
калымжан	қалымжан	0	3
камажай	қамажай	2	19
камза	қамза	0	27
камидолла	қамидолла	0	7
камит	қамит	0	4
канабек	қанабек	6	30
канагатов	қанағатов	0	5
канапия	қанапия	6	65
канатбаев	қанатбаев	0	18
канатбай	қанатбай	3	23
канатбек	қанатбек	0	4
канатжан	қанатжан	0	5
канаткали	қанатқали	0	3
канжарбек	қанжарбек	0	4
канипа	қанипа	0	33
кансулу	қансұлу	0	10
каншайым	қаншайым	4	38
каныбек	қаныбек	0	11
канымкул	қанымкүл	0	3
каныш	қаныш	14	157
капанов	қапанов	0	3
капар	қапар	3	27
карабек	қарабек	5	66
каракулов	қарақұлов	2	13
карашаш	қарашаш	17	116
каржау	қаржау	5	57
каржаубай	қаржаубай	5	43
каржауов	қаржауов	0	9
карибаев	кәрібаев	0	29
карибай	кәрібай	4	58
каримжан	кәрімжан	0	11
карлыбай	қарлыбай	0	4
карлыга	қарлыға	10	123
карсыбай	қарсыбай	0	7
картбаев	қартбаев	2	14
картбай	қартбай	3	24
карымсаков	қарымсақов	5	21
касен	қасен	2	81
каскырбай	қасқырбай	2	24
касымбек	қасымбек	5	42
касымжан	қасымжан	2	18
касымкан	қасымқан	0	9
касымхан	қасымхан	2	51
каусар	кәусәр	5	23
келдибай	келдібай	2	21
келдибек	келдібек	0	35
кенесбаев	кеңесбаев	13	62
кенесбай	кеңесбай	2	24
кенесбек	кеңесбек	0	7
кенжегали	кенжеғали	4	31
кенжегул	кенжеғұл	0	24
кенжегулов	кенжеғұлов	0	4
кенжекул	кенжекүл	0	3
керимбаев	керімбаев	2	13
керимбай	керімбай	0	23
керимбек	керімбек	0	16
керимбеков	керімбеков	2	15
керимжан	керімжан	0	4
керимкул	керімқұл	0	6
кинаят	қинаят	0	8
кобеев	көбеев	3	46
кожабай	қожабай	3	36
кожабек	қожабек	0	33
кожаберген	қожаберген	7	63
кожамурат	қожамұрат	0	5
кожанов	қожанов	4	49
кожахмет	қожахмет	6	90
козыбай	қозыбай	3	26
койбагар	қойбағар	2	34
койбагаров	қойбағаров	0	5
койлыбаев	қойлыбаев	2	8
койшыбаев	қойшыбаев	3	36
койшыбай	қойшыбай	0	49
колбаев	көлбаев	0	7
комекбай	көмекбай	0	10
конаев	қонаев	15	118
конай	қонай	3	51
конакбай	қонақбай	2	28
конарбай	қонарбай	2	23
конырбаев	қоңырбаев	0	6
конысбаев	қонысбаев	0	10
конысбай	қонысбай	3	44
конысбек	қонысбек	0	5
копбосын	көпбосын	0	4
копжасаров	көпжасаров	0	6
коптилеу	көптілеу	0	15
коптилеуов	көптілеуов	0	13
корганбаев	қорғанбаев	0	3
корганбай	қорғанбай	3	70
косаев	қосаев	0	14
косжанов	қосжанов	3	17
кошенов	көшенов	2	15
кошербаев	көшербаев	0	35
кошербай	көшербай	0	34
кошкарбаев	қошқарбаев	4	25
кошкинбаев	көшкінбаев	0	12
кошкинбай	көшкінбай	4	18
куанбай	қуанбай	2	120
куанбек	қуанбек	0	3
куангали	қуанғали	0	6
куандык	қуандық	22	278
куантай	қуантай	0	13
куанткан	қуантқан	0	122
куанышбаев	қуанышбаев	6	52
куанышбай	қуанышбай	0	27
куанышбек	қуанышбек	0	21
куанышкали	қуанышқали	0	4
куатбаев	қуатбаев	0	5
куатбай	қуатбай	0	8
куатбек	қуатбек	0	7
куатжан	қуатжан	0	7
куатов	қуатов	0	6
кубайдолла	құбайдолла	0	12
кудабай	құдабай	3	43
кудайбергенов	құдайбергенов	8	50
кудайберди	құдайберді	0	74
кудияр	құдияр	0	42
кузембаев	күзембаев	5	23
кузенбай	күзенбай	2	12
кулай	күләй	0	22
кулайхан	күләйхан	0	7
кулайша	күләйша	0	5
кулайым	күлайым	0	4
кулатай	құлатай	0	27
кулахмет	құлахмет	3	12
кулаш	күләш	7	151
кулжамал	күлжамал	0	13
кулжан	құлжан	7	46
кулжанов	құлжанов	3	26
кулзипа	күлзипа	0	10
кулзия	күлзия	0	4
кулимхан	күлімхан	0	6
кулманов	құлманов	5	21
кулпан	күлпан	0	4
кулпаш	күлпаш	0	16
кулсара	күлсара	0	3
кулсин	күлсін	0	158
култай	құлтай	4	56
кулшат	күлшат	0	15
кумарбек	құмарбек	0	6
кумархан	құмархан	0	3
кумисбай	күмісбай	2	12
кумисбек	күмісбек	2	15
кумисжан	күмісжан	0	8
кунайым	күнайым	0	18
кунанбай	құнанбай	33	180
кундызай	құндызай	0	10
кунимай	күнімай	0	3
кунтуган	күнтуған	0	7
куракбаев	құрақбаев	0	5
куракбай	құрақбай	0	13
куралбай	құралбай	2	10
курбанбай	құрбанбай	0	4
курманай	құрманай	0	11
курманалы	құрманалы	0	5
курманбай	құрманбай	10	51
курманбек	құрманбек	8	63
курмангазы	құрманғазы	42	198
курмангали	құрманғали	5	42
курмангалиев	құрманғалиев	5	47
курманжан	құрманжан	0	5
курмантай	құрмантай	2	10
курмаш	құрмаш	8	65
кусайынов	құсайынов	0	50
кусман	құсман	3	13
куспан	құспан	2	21
куттыбаев	құттыбаев	0	12
куттыбай	құттыбай	2	43
куттыбек	құттыбек	0	13
куттымурат	құттымұрат	0	7
кыдырали	қыдырәлі	0	35
кыдыралы	қыдыралы	0	8
кыдырбаев	қыдырбаев	0	12
кыдырбай	қыдырбай	3	64
кыдырбек	қыдырбек	0	9
кыдыров	қыдыров	2	23
кыдырхан	қыдырхан	0	11
кызжибек	қызжібек	0	6
кызылгул	қызылгүл	3	12
кызырбек	қызырбек	0	4
кылышбаев	қылышбаев	0	11
кылышбек	қылышбек	2	19
кыргызбаев	қырғызбаев	0	7
кыргызбай	қырғызбай	2	26
кырыкбаев	қырықбаев	0	6
кырыкбай	қырықбай	0	18
кыстаубаев	қыстаубаев	0	9
кыстаубай	қыстаубай	3	42
лайлим	ләйлім	0	27
лукман	лұқман	4	47
лукпанов	лұқпанов	0	10
магжан	мағжан	22	212
магира	мағира	0	7
мади	мәди	12	121
мадибек	мәдібек	0	10
мадиев	мәдиев	3	13
майгул	майгүл	0	6
макаш	мақаш	9	80
макбал	мақбал	0	3
макен	мәкен	7	46
максутбек	мақсұтбек	0	9
максутхан	мақсұтхан	0	3
макулбек	мақұлбек	0	13
мансия	мәнсия	0	5
маншук	мәншүк	14	82
маржангул	маржангүл	0	5
марзия	мәрзия	5	35
маркабай	марқабай	0	14
мейирхан	мейірхан	0	21
мейрамгали	мейрамғали	0	3
мейрамкул	мейрамкүл	0	5
мейрим	мейрім	0	25
мелис	меліс	0	4
мендибаев	меңдібаев	3	13
мендигали	меңдіғали	0	12
мендигалиев	меңдіғалиев	0	4
менсулу	меңсұлу	0	18
ментай	меңтай	0	5
мергали	мерғали	0	14
мешитбай	мешітбай	0	15
молдагали	молдағали	4	30
молдагалиев	молдағалиев	13	89
молдагулов	молдағұлов	0	3
мукажанов	мұқажанов	0	5
мукатай	мұқатай	3	35
мукаш	мұқаш	14	90
муктар	мұқтар	2	58
мунира	мүнира	2	8
мурадым	мұрадым	0	44
муратбаев	мұратбаев	0	28
муратбек	мұратбек	3	36
муратжан	мұратжан	0	23
муратхан	мұратхан	0	13
мусабай	мұсабай	7	45
мусабек	мұсабек	3	32
мусабеков	мұсабеков	2	10
мусагали	мұсағали	0	15
мусатай	мұсатай	5	34
мусахан	мұсахан	4	19
мустафа	мұстафа	45	295
мустахим	мұстахим	0	7
мухамбет	мұхамбет	12	118
мухамбеткали	мұхамбетқали	0	4
мухамбетов	мұхамбетов	2	12
мухамеджан	мұхамеджан	22	102
мухамедияров	мұхамедияров	0	6
мухамет	мұхамет	3	24
мухаметали	мұхаметәлі	0	4
мухаметжан	мұхаметжан	6	86
мухаметжанов	мұхаметжанов	2	18
мухаметкали	мұхаметқали	0	10
мухаметхан	мұхаметхан	0	3
мухаммеджан	мұхаммеджан	2	11
мухаммет	мұхаммет	0	63
муханбет	мұханбет	0	17
мухтарбек	мұхтарбек	0	3
мухтаров	мұхтаров	2	8
мухтархан	мұхтархан	0	5
мыктыбай	мықтыбай	0	17
мыктыбек	мықтыбек	0	4
мылтыкбай	мылтықбай	3	17
мынжасар	мыңжасар	4	33
мырзагалиев	мырзағалиев	11	48
мырзагул	мырзағұл	2	55
мырзагулов	мырзағұлов	0	7
мырзакул	мырзақұл	0	13
мырзакулов	мырзақұлов	0	4
нагашыбай	нағашыбай	0	7
нагашыбек	нағашыбек	0	6
назгул	назгүл	0	23
назыгул	назыгүл	0	8
найла	нәйлә	0	6
налибай	нәлібай	0	4
наркыз	нарқыз	0	7
наурызгали	наурызғали	2	11
несибелди	несібелді	0	6
несипбаев	несіпбаев	0	3
несипбек	несіпбек	0	32
несипкул	несіпкүл	0	3
нугыманов	нұғыманов	0	9
нукенов	нүкенов	0	3
нурадил	нұрәділ	0	4
нурадин	нұрадин	2	19
нуран	нұран	3	14
нурасыл	нұрасыл	0	10
нурахмет	нұрахмет	0	27
нурахметов	нұрахметов	0	6
нурбаев	нұрбаев	6	27
нурбакыт	нұрбақыт	0	4
нурбала	нұрбала	0	4
нурбеков	нұрбеков	0	8
нурберген	нұрберген	5	28
нурбике	нұрбике	0	42
нурболат	нұрболат	0	25
нурбосын	нұрбосын	0	7
нурбуби	нұрбүбі	0	6
нургабыл	нұрғабыл	0	4
нургазиев	нұрғазиев	0	5
нургайша	нұрғайша	0	9
нургали	нұрғали	20	119
нургалиев	нұрғалиев	10	100
нурганат	нұрғанат	0	4
нурганым	нұрғаным	3	24
нургожа	нұрғожа	0	20
нургул	нұргүл	0	34
нурдана	нұрдана	0	3
нуржау	нұржау	0	12
нуржауган	нұржауған	0	3
нурила	нүрила	0	14
нуриман	нұриман	0	3
нуркан	нұрқан	2	34
нурканат	нұрқанат	0	6
нуркелди	нұркелді	0	5
нуркен	нұркен	2	31
нуркожа	нұрқожа	0	20
нурлыбаев	нұрлыбаев	0	9
нурлыбай	нұрлыбай	2	17
нурлыбек	нұрлыбек	7	45
нурлыбеков	нұрлыбеков	0	5
нурлыхан	нұрлыхан	5	31
нурмагамбет	нұрмағамбет	2	52
нурмагамбетов	нұрмағамбетов	7	43
нурмаганбет	нұрмағанбет	2	36
нурмаганбетов	нұрмағанбетов	2	22
нурман	нұрман	3	40
нурмахан	нұрмахан	5	38
нурмаханов	нұрмаханов	2	19
нурмаш	нұрмаш	0	7
нурмолда	нұрмолда	0	13
нурмукан	нұрмұқан	0	10
нурмухамбет	нұрмұхамбет	0	11
нурмухамед	нұрмұхамед	3	13
нурмухамет	нұрмұхамет	0	7
нурмухаммед	нұрмұхаммед	3	20
нурмухаммет	нұрмұхаммет	0	3
нурмуханбет	нұрмұханбет	0	8
нуролла	нұролла	0	6
нурсат	нұрсат	0	3
нурсауле	нұрсәуле	0	5
нурсейт	нұрсейт	0	3
нурсултанов	нұрсұлтанов	0	8
нуртаев	нұртаев	0	5
нуртаза	нұртаза	4	39
нуртазин	нұртазин	4	33
нуртай	нұртай	3	54
нурторе	нұртөре	0	5
нуртуган	нұртуған	2	28
нурымбет	нұрымбет	0	11
нурымжан	нұрымжан	0	3
нурымов	нұрымов	0	7
нурыш	нұрыш	0	21
нурышев	нұрышев	0	6
ныгметов	нығметов	0	7
омирбаев	өмірбаев	5	41
омирбек	өмірбек	2	53
омирбеков	өмірбеков	4	16
омиржан	өміржан	4	16
омирзаков	өмірзақов	0	46
омиртай	өміртай	0	35
омирхан	өмірхан	0	12
онайбай	оңайбай	5	20
оналбаев	оңалбаев	2	15
оналбай	оңалбай	0	8
оналбек	оңалбек	0	6
онгарбаев	оңғарбаев	3	22
ондасынов	оңдасынов	7	44
онласын	оңласын	0	15
оразали	оразәлі	0	10
оразгали	оразғали	2	28
оразгалиев	оразғалиев	0	12
оразкан	оразқан	0	6
оразкул	оразкүл	0	11
орынгул	орынгүл	0	6
орынкул	орынкүл	0	6
осербаев	өсербаев	0	7
осербай	өсербай	0	27
оскенбаев	өскенбаев	3	30
оскенбай	өскенбай	3	78
отебаев	өтебаев	5	56
отегенов	өтегенов	7	41
отемис	өтеміс	0	70
отепов	өтепов	4	16
отешов	өтешов	0	14
пернекул	пернекүл	0	3
рабига	рабиға	8	58
райкул	райкүл	0	7
ракымжан	рақымжан	2	55
раманкулов	раманқұлов	0	3
ратбек	рәтбек	0	6
рахманкул	рахманқұл	3	43
рахымберди	рахымберді	0	7
рукия	руқия	0	3
рустембек	рүстембек	2	12
рыскелди	рыскелді	0	10
рыскул	рысқұл	3	32
рыскулбек	рысқұлбек	0	5
рыскулов	рысқұлов	16	87
сабыргали	сабырғали	3	15
сагатбек	сағатбек	0	13
сагатов	сағатов	2	9
сагдат	сағдат	0	7
сагидолла	сағидолла	7	41
сагидулла	сағидулла	4	42
сагиев	сағиев	0	3
сагила	сағила	0	18
сагымбаев	сағымбаев	0	8
сагымбай	сағымбай	8	32
сагымбек	сағымбек	0	8
сагымбеков	сағымбеков	0	3
сагынай	сағынай	0	28
сагынбаев	сағынбаев	2	10
сагынбай	сағынбай	2	84
сагынбек	сағынбек	0	5
сагынгали	сағынғали	0	29
сагынгалиев	сағынғалиев	2	21
сагындыков	сағындықов	11	52
сагынжан	сағынжан	0	3
сагынов	сағынов	0	6
сагынтаев	сағынтаев	0	6
сагынтай	сағынтай	0	25
саден	сәден	0	10
садибек	сәдібек	0	17
садуакас	садуақас	10	76
садуакасов	сәдуақасов	3	55
садыкбек	садықбек	0	14
сайлаукул	сайлаукүл	0	5
сакан	сақан	2	20
сакен	сәкен	52	315
сакенов	сәкенов	3	12
сактаганов	сақтағанов	0	8
сактапберген	сақтапберген	0	4
салимгерей	сәлімгерей	2	33
салимжан	сәлімжан	3	25
самгат	самғат	0	3
сандибай	сәндібай	0	7
сандибек	сәндібек	0	7
саним	сәнім	0	82
саракул	саракүл	0	3
саркытбай	сарқытбай	0	3
сарсембай	сәрсембай	2	12
сарсен	сәрсен	16	122
сарсенбаев	сәрсенбаев	19	76
сарсенбай	сәрсенбай	16	76
сарсенбек	сәрсенбек	0	19
сарсенгали	сәрсенғали	2	15
сарсенкул	сәрсенкүл	0	3
сатбаев	сәтбаев	4	134
сатбек	сәтбек	4	19
саулебек	сәулебек	0	5
саулеш	сәулеш	0	15
сегизбаев	сегізбаев	5	26
сегизбай	сегізбай	3	44
сейилхан	сейілхан	2	76
сейтказы	сейтқазы	0	5
сейткали	сейтқали	0	14
сергалиев	серғалиев	0	8
серикбаев	серікбаев	2	43
серикбай	серікбай	8	105
серикжан	серікжан	3	15
серикказы	серікқазы	0	10
сериккали	серікқали	2	18
сериккалиев	серікқалиев	0	25
серикулы	серікұлы	0	3
сисенгали	сисенғали	2	9
скак	сқақ	0	6
смагул	смағұл	31	149
смагулов	смағұлов	8	47
султанали	сұлтанәлі	0	11
султанбай	сұлтанбай	0	9
султанбек	сұлтанбек	6	64
султангазы	сұлтанғазы	3	34
султангали	сұлтанғали	0	28
султанмахмут	сұлтанмахмұт	12	139
султанхан	сұлтанхан	0	5
сунгат	сұнғат	0	3
сыдыков	сыдықов	16	69
сыздыков	сыздықов	12	49
табига	табиға	0	12
тагыберген	тағыберген	0	5
тажен	тәжен	2	19
тажибек	тәжібек	0	6
тажихан	тәжіхан	0	4
талгар	талғар	11	102
талгатбек	талғатбек	0	9
танатар	таңатар	4	55
танжарык	таңжарық	0	35
танирберген	тәңірберген	4	72
танирбергенов	тәңірбергенов	2	20
тансулу	таңсұлу	0	10
таттигул	тәттігүл	0	5
таттимбет	тәттімбет	3	92
тауекелов	тәуекелов	0	6
тауке	тәуке	41	217
темирали	темірәлі	0	3
темирбай	темірбай	6	32
темирбек	темірбек	13	59
темиргали	темірғали	3	49
темиржан	теміржан	0	24
темирхан	темірхан	13	119
темирханов	темірханов	0	3
тенелбай	теңелбай	0	5
тилегенов	тілегенов	0	22
тилеубаев	тілеубаев	0	18
тилеубай	тілеубай	0	35
тилеубек	тілеубек	0	7
тилеуберген	тілеуберген	0	14
тилеубергенов	тілеубергенов	0	9
тилеуберди	тілеуберді	3	65
тилеужан	тілеужан	0	17
тилеухан	тілеухан	0	13
тогызбаев	тоғызбаев	2	9
токберген	тоқберген	0	6
токен	төкен	0	50
токенов	төкенов	0	5
токтагул	тоқтағұл	3	31
токтамыс	тоқтамыс	5	151
токтарбай	тоқтарбай	2	47
токтарбек	тоқтарбек	0	8
токтарбеков	тоқтарбеков	0	3
токтаров	тоқтаров	2	62
токтархан	тоқтархан	0	4
токтасын	тоқтасын	0	116
токтасынов	тоқтасынов	0	6
толебаев	төлебаев	0	69
толеби	төлеби	0	15
толеген	төлеген	18	444
толегенов	төлегенов	4	37
толемисов	төлемісов	0	4
толенди	төленді	0	73
толендиев	төлендиев	0	6
толенов	төленов	0	14
толепберген	төлепберген	2	44
толепбергенов	төлепбергенов	2	9
толепов	төлепов	0	15
толеубай	төлеубай	0	32
толеубек	төлеубек	0	21
толеугазы	төлеуғазы	0	9
толеугали	төлеуғали	0	8
толеужан	төлеужан	0	22
толеуов	төлеуов	0	12
толеутаев	төлеутаев	0	3
толеухан	төлеухан	0	14
толеш	төлеш	3	58
торебай	төребай	0	27
торебеков	төребеков	0	4
торегали	төреғали	2	34
торежан	төрежан	3	30
торемурат	төремұрат	2	49
торемуратов	төремұратов	0	7
торехан	төрехан	7	56
тореханов	төреханов	0	9
туганай	туғанай	0	3
тугелбаев	түгелбаев	0	18
туймебаев	түймебаев	0	3
туймебай	түймебай	0	5
тунгышбаев	тұңғышбаев	0	4
тунгышбай	тұңғышбай	0	16
туракбай	тұрақбай	0	6
турар	тұрар	43	1049
турарбек	тұрарбек	2	13
турарбеков	тұрарбеков	0	6
тураров	тұраров	0	4
тураш	тұраш	5	28
тургали	тұрғали	0	5
турганбаев	тұрғанбаев	3	21
турганбай	тұрғанбай	2	28
турганбек	тұрғанбек	0	11
турганбеков	тұрғанбеков	0	4
тургынбай	тұрғынбай	0	5
тургынбек	тұрғынбек	0	7
турдалы	тұрдалы	0	3
турдыбай	тұрдыбай	0	6
туркменбай	түркменбай	0	5
турлан	тұрлан	0	27
турлыбек	тұрлыбек	4	47
турмаганбет	тұрмағанбет	2	20
турсынали	тұрсынәлі	0	6
турсынбаев	тұрсынбаев	4	20
турсынбеков	тұрсынбеков	0	4
турсынгали	тұрсынғали	4	21
турсынов	тұрсынов	5	47
турысбек	тұрысбек	0	36
турысбеков	тұрысбеков	0	13
тусипбеков	түсіпбеков	0	5
туякбаев	тұяқбаев	2	15
туяков	тұяқов	2	12
уалихан	уәлихан	10	63
узакбай	ұзақбай	8	55
укибай	үкібай	0	22
улбике	ұлбике	3	24
улболсын	ұлболсын	0	11
улбосын	ұлбосын	3	20
улмекен	ұлмекен	3	13
ултай	ұлтай	0	6
ултуган	ұлтуған	0	14
улыкпан	ұлықпан	0	34
умбетов	үмбетов	3	13
умитай	үмітай	0	4
умитжан	үмітжан	0	3
умитхан	үмітхан	0	3
умсынай	ұмсынай	0	11
усенбай	үсенбай	0	16
ушкемпиров	үшкемпіров	0	5
халыков	халықов	2	9
ханбиби	ханбибі	3	32
хансултан	хансұлтан	0	9
хансулу	хансұлу	2	17
ханторе	хантөре	0	4
шаймурат	шаймұрат	0	12
шакарим	шәкәрім	33	182
шакен	шәкен	11	93
шалкарбай	шалқарбай	0	5
шамурат	шамұрат	0	6
шарипбек	шәріпбек	0	5
шарипхан	шәріпхан	0	15
шерали	шерәлі	0	6
шукирбай	шүкірбай	0	5
шынгыс	шыңғыс	9	443
шынгысхан	шыңғысхан	0	151
шындаулет	шындәулет	0	7
ыклас	ықлас	0	59
ырыскул	ырыскүл	0	3
